ISO3,name,lat_long,2024,2025,2026,2027,2028,2029,2030,2031,2032,2033,2034,2035,2036,2037,2038,2039,2040,2041,2042,2043,2044,2045,2046,2047,2048,2049,2050,2051,2052,2053,2054,2055,2056,2057,2058,2059,2060,2061,2062,2063,2064,2065,2066,2067,2068,2069,2070,2071,2072,2073,2074,2075,2076,2077,2078,2079
AFG,Afghanistan,"[60.53, 29.32, 75.16, 38.49]",59.1875,57.8125,61.40625,56.40625,56.59375,61.40625,59.3125,62.09375,56.1875,58,62.5,62.3125,63.8125,56.3125,67.125,58.3125,59.5,55.40625,59.59375,60.3125,58.09375,54.40625,57.6875,62.40625,59.90625,64.5,67,64.1875,66.6875,60.8125,64.375,61.59375,63.40625,66.3125,60.3125,58.90625,63,60.1875,63.09375,58.3125,56.3125,61.3125,62.6875,58.1875,61.6875,59.40625,60.09375,62.3125,69,61.3125,63.09375,63.1875,61.40625,62.09375,61.09375,60.3125
AGO,Angola,"[11.64, -17.93, 24.08, -4.44]",51,56.1875,61.40625,58,53,56.09375,55.40625,58.8125,60.59375,53.8125,53.59375,54.8125,64.375,54.1875,54.6875,54.90625,51.3125,59.40625,55.8125,52.59375,59.40625,56.40625,51.8125,57.3125,58.5,60.5,54.5,61,53.5,57,57,54.3125,58.5,58.3125,58.6875,61.40625,53.6875,60.90625,63.40625,59.1875,56.09375,59.3125,57.3125,57.6875,56.90625,55.1875,57.59375,54,59.8125,59.90625,59.40625,58,59.90625,58.90625,62.09375,55.3125
ALB,Albania,"[19.3, 39.62, 21.02, 42.69]",43.59375,39.8125,44.1875,51.8125,45.1875,43,45.90625,43.6875,41.59375,43.59375,44.6875,43,45.40625,44.3125,46.8125,45,45.8125,42.40625,44.6875,48.8125,43.40625,43.59375,45.3125,48.6875,43.90625,44.6875,44.40625,46.3125,44.59375,47.3125,50,48.90625,45.3125,47,46.59375,47.59375,47.90625,54.3125,46,46.3125,45.1875,52.5,45.90625,44.8125,48.8125,45,46.1875,51.1875,47.1875,47.3125,48.90625,47,47.40625,48.3125,46.59375,51.6875
ARE,United Arab Emirates,"[51.58, 22.5, 56.4, 26.06]",55,50.59375,51.90625,52.8125,51.90625,52.09375,52.6875,53.3125,51.90625,52.3125,51.8125,53.8125,53.40625,52.59375,52.5,51.90625,52.6875,52.59375,53.59375,53.6875,53.09375,53.8125,53.90625,52,53.6875,53.1875,53.40625,53.59375,53.59375,58.3125,54.1875,54.1875,54,55.3125,54.90625,56.09375,55.09375,72,54.59375,55.3125,55.90625,54.3125,69.8125,54.6875,55,54.59375,62.6875,56.09375,56,56.40625,55.59375,55.59375,56.3125,62.90625,56.5,56.5
ARG,Argentina,"[-73.42, -55.25, -53.63, -21.83]",53.1875,61,54.3125,52.3125,55.59375,57.59375,52.3125,56,57.8125,62.5,51.1875,58.90625,50.40625,57.90625,61.5,61,58.8125,59.59375,62.6875,58.90625,51.90625,60.90625,55.1875,53.6875,53.8125,59.6875,58.3125,60.90625,56.3125,58.09375,53.3125,60.40625,59.6875,58.5,62.5,53.1875,60.09375,63.90625,54,60.09375,63.6875,70.5,58.6875,55.40625,53.6875,62.59375,58.3125,55.3125,60.8125,63.1875,61.59375,64,62,55.3125,59,73.3125
ARM,Armenia,"[43.58, 38.74, 46.51, 41.25]",44.09375,42.8125,45.09375,42.90625,50.6875,44,44.1875,44.1875,43,43.09375,49.5,44.3125,44.5,43.40625,44.3125,45.09375,47.40625,44.09375,45,44.3125,44.59375,55.90625,47.09375,45.09375,45.59375,45.3125,47.6875,45.90625,46.1875,48.5,45.59375,54.3125,47,48.40625,46.5,46.3125,50.90625,46.5,45.40625,49.59375,48.09375,51.59375,48.5,48.1875,46.8125,48.1875,46.3125,49.1875,47.3125,51,48.8125,49,48.8125,48.59375,54.59375,49.6875
ATA,Antarctica,"[-180.0, -90.0, 180.0, -63.27]",,,,,,,,,,,,,,,,,,,,,,,,,,,,,,,,,,,,,,,,,,,,,,,,,,,,,,,,
ATF,French Southern Territories,"[68.72, -49.78, 70.56, -48.63]",13.796875,14.6015625,14.8984375,13.6015625,15.1015625,15,14.703125,14.796875,13.5,14.6015625,15.6015625,13.8984375,15,14.5,14.6015625,13.296875,15.1015625,14.703125,14.8984375,14.1015625,15.203125,14.3984375,14.6015625,14.1015625,14.6015625,15.203125,13.3984375,15.203125,15.1015625,15.796875,15.796875,16.59375,14.796875,15,16.5,15,14.3984375,15.296875,14.8984375,16.5,16,14.6015625,16.09375,15.3984375,16.40625,14.296875,16,16.203125,17.59375,16.203125,16.203125,15.6015625,15.3984375,16.203125,16.59375,15.3984375
AUS,Australia,"[113.34, -43.63, 153.57, -10.67]",,,,,,,,,,,,,,,,,,,,,,,,,,,,,,,,,,,,,,,,,,,,,,,,,,,,,,,,
AUT,Austria,"[9.48, 46.43, 16.98, 49.04]",41.5,40.40625,46,43.09375,48.3125,45.40625,42.8125,43.90625,40.1875,42.5,45.59375,38.8125,45.1875,44,47.6875,42,43.1875,41.6875,43.40625,46.59375,42.40625,44.6875,45.40625,45.5,43.40625,40.8125,48.09375,45,48.6875,52.6875,45.5,46.1875,47.40625,46.8125,46.1875,49.1875,47.8125,50.1875,48.8125,45.40625,51.09375,46.5,47,43,46.59375,45.90625,45.40625,47.1875,47.40625,48.09375,47.40625,47.3125,53.6875,50.1875,49.3125,52
AZE,Azerbaijan,"[44.79, 38.27, 50.39, 41.86]",45.5,44.8125,47.5,46.3125,50.6875,46.40625,46.8125,46.8125,45.90625,46.09375,45.8125,46.90625,46.40625,46.1875,47.09375,48.59375,49.5,46.90625,48.5,47,47.09375,55.90625,48.09375,47.40625,48.8125,47.3125,49.09375,48.8125,49,51.3125,48.3125,54.3125,48.5,51.09375,49.1875,47.8125,49.59375,49,48.59375,50.59375,49.90625,52,51,50.59375,49.90625,50.8125,48.90625,50.6875,50.3125,51,51.3125,51.3125,51.1875,50.6875,54.59375,52.6875
BDI,Burundi,"[29.02, -4.5, 30.75, -2.35]",42.5,38.09375,39.3125,37.59375,43.40625,41.90625,41.1875,42.90625,49.40625,37.59375,37.6875,40.09375,40.3125,44.40625,42.1875,42.09375,39.8125,38.3125,38.5,41.90625,40.90625,40.1875,51.6875,41.90625,44.8125,44.5,41.40625,43.5,40.8125,46.90625,44.5,41.3125,40.5,48,44,40.90625,39.6875,44.5,44.1875,40.40625,43.5,39.8125,43.40625,44.8125,40.3125,43.3125,44.90625,42.8125,53,46.1875,45.09375,41.59375,43,41.1875,41.59375,44.90625
BEL,Belgium,"[2.51, 49.53, 6.16, 51.48]",34.1875,44.40625,34.5,38.90625,36.8125,34.59375,40,38.8125,44.6875,43.5,38.5,41,39.5,40.6875,39,41.6875,39.59375,42.1875,45.09375,42.8125,41.59375,39.8125,43.90625,44.40625,35.8125,39.90625,42.09375,45.40625,45.3125,49.5,41.1875,49.8125,46.09375,40.6875,38.90625,43.5,45.59375,40.1875,38.90625,45.1875,42.6875,43.6875,50,39.90625,45.1875,49.8125,48.1875,40.5,45.1875,44.59375,45.5,41.90625,43.59375,49.6875,45.3125,48.90625
BEN,Benin,"[0.77, 6.14, 3.8, 12.24]",56.8125,57.3125,51.59375,54.90625,56.40625,55.09375,56.6875,58.5,55.6875,56.59375,55.5,52.5,56.5,56.3125,57.90625,55.09375,56.1875,57,56.40625,57.59375,58.8125,59.5,59.40625,52.59375,54.6875,58.6875,58.6875,56.5,62.59375,58.3125,62.90625,62.5,60.3125,58.3125,61.90625,61.59375,59.3125,62.8125,57.6875,57.90625,58.3125,62,61.40625,55.09375,58.3125,56,59.5,57.6875,64.3125,59.09375,61.8125,59.40625,58.40625,59,70.125,57.1875
BFA,Burkina Faso,"[-5.47, 9.61, 2.18, 15.12]",60.5,67,60.59375,62.3125,62.3125,62.90625,62.09375,62.59375,60.8125,60.3125,61,66.3125,64.8125,66.375,69.1875,63,62,63.1875,61.6875,68.5,62.40625,63.8125,60.5,62.90625,67.1875,64.375,58.6875,64.375,62.40625,63.1875,62.90625,62.5,65.125,61.40625,71.125,61.59375,63.09375,62.40625,64.1875,62.90625,64.6875,63.8125,63.8125,63.6875,60.3125,65.5,63.8125,62.90625,64.3125,63.90625,62.6875,64.8125,67.625,65.1875,70.125,62.3125
BGD,Bangladesh,"[88.08, 20.67, 92.67, 26.45]",50.90625,59,56.59375,60.6875,58.40625,56.6875,68.1875,50.40625,51.6875,56.1875,57.3125,50.1875,54.5,51.40625,51.3125,52,60.90625,52.59375,56.40625,53.09375,53.8125,54.3125,56.90625,52,54.40625,59,63.8125,57.90625,53.59375,52.1875,55.90625,55.3125,56.3125,53,55.6875,58.09375,57.8125,53.40625,54.3125,60.1875,53.1875,60.8125,56.59375,60,56.3125,54.1875,54.90625,54.59375,53.8125,59.8125,58.5,55.40625,61.90625,55.5,54.1875,59
BGR,Bulgaria,"[22.38, 41.23, 28.56, 44.23]",48.90625,46.09375,54,54.59375,53.3125,42.59375,47.09375,48.3125,47,54.90625,49.59375,45.40625,47.59375,51.90625,49.5,50.5,47,51.1875,50.5,48.3125,47.5,51.09375,46.90625,49.90625,48.59375,49.90625,51.8125,57.6875,56.3125,53.3125,48.8125,49.09375,51.90625,53.1875,52,58.1875,57.6875,58.40625,53.59375,51.59375,53.6875,50.90625,54.5,49.59375,49.59375,51.1875,49.8125,53,56.90625,54.1875,49.5,58.09375,51.6875,54.5,54.6875,64.5
BHS,Bahamas,"[-78.98, 23.71, -77.0, 27.04]",35.09375,34.3125,34.3125,34.09375,34.40625,34.5,34.5,34.90625,36.1875,34.6875,33.3125,35.09375,35.40625,35.3125,34.8125,33.90625,35.8125,34.59375,36,35.40625,34.8125,36.40625,35.5,34.6875,36.3125,35.5,36.90625,36.5,34.5,35.90625,36.3125,36.09375,35.40625,36,37.1875,35.8125,35.90625,36.40625,36.40625,36.6875,35.6875,36.8125,38,36,38.5,35.6875,37.8125,36.1875,36.6875,37.3125,37.3125,38.09375,37.40625,36.6875,37.1875,37.8125
BIH,Bosnia and Herzegovina,"[15.75, 42.65, 19.6, 45.23]",44.8125,40,47.40625,46.3125,51.09375,45.5,44.5,46.40625,41.6875,45.1875,46.3125,44.5,47,47,50,45.90625,52.59375,44.8125,46,48.8125,45.6875,47.6875,47.8125,46.1875,46.59375,46.59375,48.59375,47.59375,51.6875,56.3125,49.1875,48.6875,47.8125,52.6875,47.3125,48.1875,48.90625,49.90625,47.8125,47.5,47.40625,48.90625,49.09375,44.3125,53.8125,53,46.8125,50.3125,50.09375,50.5,50.09375,52,50.6875,51,57.09375,53.3125
BLR,Belarus,"[23.2, 51.32, 32.69, 56.17]",41.59375,40.1875,44.6875,42.59375,45,41.59375,40.1875,43,38.59375,44.40625,45.09375,43.40625,48.59375,44.90625,44.5,46.59375,43.90625,46.59375,47.6875,50.40625,44,53.5,43.09375,46.3125,46.59375,39.59375,45.3125,46.59375,43.6875,50.40625,46,46.40625,44.40625,45.5,47.40625,49,46.8125,48.90625,51.5,49.3125,51.09375,44.8125,48.09375,40.6875,44.90625,44.6875,43.3125,48.90625,43.8125,54.40625,48.5,50.8125,54.1875,50.1875,50.09375,54
BLZ,Belize,"[-89.23, 15.89, -88.11, 18.5]",41.90625,41.09375,43.8125,41.59375,40.09375,44.59375,41.90625,42.1875,40.09375,42.1875,40.1875,40,43.5,42.5,43,44.40625,42.8125,40.09375,40.6875,42.09375,41.90625,41.09375,45.40625,39.59375,40.1875,43.1875,40.3125,42.3125,40.90625,41.09375,46.09375,41.59375,42.09375,43.09375,45.40625,44.1875,43.8125,44.6875,44.59375,44.40625,42.8125,43,46.5,44.40625,46,42.6875,45,45.59375,43.90625,45.40625,44.5,44.59375,44.5,45.59375,46.40625,49.6875
BOL,Bolivia,"[-69.59, -22.87, -57.5, -9.76]",,,,,,,,,,,,,,,,,,,,,,,,,,,,,,,,,,,,,,,,,,,,,,,,,,,,,,,,
BRA,Brazil,"[-73.99, -33.77, -34.73, 5.24]",,,,,,,,,,,,,,,,,,,,,,,,,,,,,,,,,,,,,,,,,,,,,,,,,,,,,,,,
BRN,Brunei,"[114.2, 4.01, 115.45, 5.45]",,,,,,,,,,,,,,,,,,,,,,,,,,,,,,,,,,,,,,,,,,,,,,,,,,,,,,,,
BTN,Bhutan,"[88.81, 26.72, 92.1, 28.3]",,,,,,,,,,,,,,,,,,,,,,,,,,,,,,,,,,,,,,,,,,,,,,,,,,,,,,,,
BWA,Botswana,"[19.9, -26.83, 29.43, -17.66]",,,,,,,,,,,,,,,,,,,,,,,,,,,,,,,,,,,,,,,,,,,,,,,,,,,,,,,,
CAF,Central African Republic,"[14.46, 2.27, 27.37, 11.14]",,,,,,,,,,,,,,,,,,,,,,,,,,,,,,,,,,,,,,,,,,,,,,,,,,,,,,,,
CAN,Canada,"[-141.0, 41.68, -52.65, 73.23]",,,,,,,,,,,,,,,,,,,,,,,,,,,,,,,,,,,,,,,,,,,,,,,,,,,,,,,,
CHE,Switzerland,"[6.02, 45.78, 10.44, 47.83]",39,40.3125,42.59375,38.5,46.3125,45,41,42.1875,39.5,43.90625,44,38.8125,42.09375,43,49,42.3125,40.40625,41.40625,44.59375,44.90625,41.1875,47.3125,41,48.40625,46.5,42.40625,49.3125,46.1875,44.6875,50.40625,42.6875,45.40625,47,46.40625,45.40625,47.09375,47.6875,47.8125,46.09375,51.90625,46.3125,47.3125,49.6875,42.8125,48.3125,48.40625,44.40625,47.6875,48.1875,48.59375,48.59375,50.1875,54.1875,51,54.90625,50.90625
CHL,Chile,"[-75.64, -55.61, -66.96, -17.58]",46,46.1875,46.5,47.09375,48.09375,47.8125,44.5,50.90625,51.5,45.09375,47.6875,55.5,44.90625,57.90625,59.1875,47.59375,46.5,50.3125,46.59375,44.5,51.90625,47.5,53.09375,47.5,46.90625,59.6875,46.3125,53.59375,52.6875,54.40625,51.09375,49.5,49.09375,57.8125,59.90625,50.6875,54,47.8125,47,52,57.09375,48.1875,46.8125,52,47.90625,50.90625,53.59375,46.40625,59,50.8125,51.59375,61.1875,56.1875,50.40625,59,53.5
CHN,China,"[73.68, 18.2, 135.03, 53.46]",,,,,,,,,,,,,,,,,,,,,,,,,,,,,,,,,,,,,,,,,,,,,,,,,,,,,,,,
N/A,Ivory Coast,"[-8.6, 4.34, -2.56, 10.52]",50.6875,46.59375,51.6875,48.40625,50.8125,50,59.5,51,50.90625,52.90625,54.8125,56.1875,55.1875,56.09375,53.09375,52.09375,53.59375,56.5,52.90625,49.09375,52.3125,50,52.6875,52.1875,56.3125,54.8125,57.90625,57.5,52.8125,59.1875,54.09375,55.6875,51.90625,51.8125,58.09375,61.5,61.8125,60.3125,57.40625,58.3125,51.6875,50,56.6875,57.6875,53.3125,53,57.90625,58.6875,54,58.59375,57.40625,59.5,55,56.09375,55.6875,56.90625
CMR,Cameroon,"[8.49, 1.73, 16.01, 12.86]",58.3125,60.09375,54.5,58.59375,53.3125,55.40625,60,56.09375,57.8125,59.59375,62.1875,57,61.90625,55,57.3125,57.3125,55.40625,58.09375,58.6875,62.5,54.90625,56.3125,62.90625,56.40625,56.8125,62.8125,56.6875,57.09375,59.59375,57.59375,60.1875,59.1875,57.6875,66.625,59.5,60.6875,59.40625,58.8125,56.40625,61.8125,60,55.09375,57.09375,62.3125,65.6875,58.40625,59.3125,57.09375,62.3125,63.90625,59.5,63.1875,63.1875,57.1875,60.3125,62.1875
COD,Congo (Kinshasa),"[12.18, -13.26, 31.17, 5.26]",53.90625,51.90625,51.3125,52.40625,49.5,54,49.8125,56.09375,51.90625,55.3125,50.1875,53.5,48.5,55.59375,51.1875,49.59375,48.3125,52.59375,51.59375,62.5,50.40625,54.5,51.6875,63.6875,52.6875,57.5,50.6875,49.1875,52.3125,52.90625,57.59375,54.59375,49.40625,51.59375,53.6875,53.59375,55.40625,61.40625,55,51.59375,62.1875,56.6875,54.6875,56.5,58.5,54.09375,56.09375,54.3125,56.40625,55.09375,57.40625,56,54.1875,56.5,57.90625,55.6875
COG,Congo (Brazzaville),"[11.09, -5.04, 18.45, 3.73]",41.90625,40.1875,39.6875,45.5,45,40.59375,38.09375,43.1875,40.1875,41.90625,43.8125,42.3125,44.1875,43.90625,39.8125,47.40625,42.90625,40.09375,42.59375,41.09375,42.09375,40.09375,49.90625,44.90625,43.59375,41.1875,46.3125,46.40625,43.1875,41.59375,43.5,42.59375,43.5,43.3125,44.6875,45.6875,43,42.8125,44.40625,44.90625,44.09375,48.8125,48,45.5,43.5,44.6875,44.09375,47.90625,45.09375,44.5,44.3125,44.1875,44.6875,44.8125,50.59375,46
COL,Colombia,"[-78.99, -4.3, -66.88, 12.44]",58.59375,48.59375,48.1875,45.5,45.6875,48.90625,46.5,44.90625,49.1875,54.1875,50.90625,48.59375,46.09375,44.5,54,48.6875,51.90625,49.90625,46.90625,50.90625,48.6875,49.1875,51.8125,48.40625,48.1875,51.1875,50.5,53.09375,54.09375,48.90625,52.3125,48.1875,49.1875,51.8125,50.5,51,51.90625,58.40625,49.8125,55.8125,51.1875,51.6875,53.8125,52,47.8125,51.8125,51.3125,51.6875,52.3125,50.5,53.59375,50.90625,49.90625,52.90625,53,51.90625
CRI,Costa Rica,"[-85.94, 8.23, -82.55, 11.22]",39.90625,44.40625,40.3125,40.5,37.8125,38.1875,46.5,39.09375,39.1875,39.40625,46.59375,40.3125,39.5,40.6875,40.1875,41.3125,39.40625,42.1875,44.6875,44.09375,39.1875,41.59375,39.5,41.09375,43.40625,39.6875,41.40625,39.8125,42.90625,40.1875,42.09375,42.09375,40.3125,46.40625,40.5,41,40.3125,42.40625,42.5,39.5,39.90625,40.90625,44.59375,40.59375,42.09375,47.3125,41.5,42.40625,40.5,45.1875,48.5,41.90625,44.1875,42.09375,43.1875,44
CUB,Cuba,"[-84.97, 19.86, -74.18, 23.19]",43.59375,42.59375,47.09375,46,49.59375,44.59375,44.09375,42.40625,45.5,44.90625,45,44.90625,41.5,46.09375,43.6875,43.59375,44.6875,43.90625,51.3125,46.8125,45.8125,51.6875,42.59375,51.40625,42.5,45.3125,50.90625,42.6875,45.09375,50.5,49.59375,46.40625,46.09375,46,50.5,43.1875,49.3125,46.3125,54.09375,46.5,48.40625,50.6875,47.59375,46.8125,49.09375,48.3125,48,47.09375,45.8125,43.5,50.5,49.1875,55,48,50.09375,49.8125
CYP,Cyprus,"[32.26, 34.57, 34.0, 35.17]",39.5,39.90625,42.09375,43.1875,41.40625,42.59375,41.5,41.8125,40.40625,42.3125,40.09375,40.1875,43.09375,40.8125,43.40625,40.1875,42.40625,40.8125,43.40625,40.90625,41.3125,42.09375,40.5,40.40625,39.40625,40.6875,42.40625,40.1875,41.6875,41.6875,43.5,44.40625,41.8125,41.3125,42.1875,44.09375,42.59375,44.59375,42.59375,41.90625,42.3125,42.40625,42.8125,46.6875,43.1875,42.40625,44,43.59375,43.1875,46.09375,43.6875,43.6875,43,44.5,44.59375,43.5
CZE,Czech Republic,"[12.24, 48.56, 18.85, 51.12]",41.09375,39.5,48.59375,42.59375,47.59375,43.59375,43.1875,44.6875,39.3125,42.1875,44.40625,42.90625,45.6875,44.09375,43.6875,41.90625,43.1875,42.40625,44.40625,46.3125,46.8125,43.40625,45.1875,45.5,44,39.8125,46.3125,44,49.40625,56.5,44,48.09375,47,47.5,46.5,46.90625,46.40625,47.6875,53.3125,44.3125,51.09375,47.09375,50.59375,43.40625,46,46.3125,45.40625,47.8125,48.3125,48.09375,48.5,46.6875,53.6875,51.90625,49.3125,49.3125
DEU,Germany,"[5.99, 47.3, 15.02, 54.98]",36.6875,42.09375,40.8125,37.40625,44.1875,38.3125,40.6875,41.40625,39.40625,42.40625,44.09375,38.59375,42.59375,44.09375,40.8125,42.3125,41.09375,40.8125,45.3125,46.09375,41.3125,42.90625,42.40625,45.5,46.5,41.3125,44.59375,44.5,45.40625,57.1875,43.40625,49.8125,46.09375,46.90625,42.09375,46.3125,45.8125,44.1875,42.8125,44.5,42.6875,45.8125,44.90625,49.8125,44.1875,48.40625,44.40625,45.40625,46.3125,43.6875,47.59375,45.6875,47.5,48.8125,54.90625,48.90625
DJI,Djibouti,"[41.66, 10.93, 43.32, 12.7]",47.90625,55.90625,59.40625,48.5,66.8125,59.40625,52.3125,57.1875,48,47.6875,54.3125,63.5,69.625,69.3125,59,65.625,48.40625,54.8125,51.59375,64,56.40625,62.6875,74.1875,55.90625,53.5,49.1875,50.09375,53.1875,55.09375,51.5,49.90625,53.5,50.90625,56.3125,58.1875,56.90625,66.375,59.40625,72.125,52.6875,53.8125,52.59375,56.40625,51.3125,50.6875,52,59.6875,61.09375,51.59375,51.6875,51.8125,51.5,56.40625,56.09375,67.5,51.90625
DNK,Denmark,"[8.09, 54.8, 12.69, 57.73]",25.5,33.5,38.6875,30.5,34.40625,28.203125,28.703125,29.5,29.40625,34.59375,36.40625,34,34.5,32.59375,31.09375,35.5,33.8125,31.703125,39.09375,33.3125,30.5,35.90625,35.09375,33.90625,31.40625,28.5,35.8125,34,35,38.09375,35.59375,36.90625,32.3125,37.6875,35.1875,35.6875,39.40625,32.5,36.40625,35.5,34.6875,35,38.90625,33.3125,39.6875,39.40625,35.5,32.40625,39.6875,38.90625,38.90625,36.40625,38.3125,38.5,36.8125,41.09375
DOM,Dominican Republic,"[-71.95, 17.6, -68.32, 19.88]",39.3125,37,38.5,39.5,37.59375,38.59375,38.09375,38.09375,38.8125,41.1875,37.40625,38.90625,43.3125,38.09375,38.1875,39,41.40625,39.5,39.3125,49.3125,39.8125,48.3125,39.90625,44.40625,39.90625,39.1875,43.40625,47.3125,43.8125,39.8125,40.90625,39,40.40625,49.1875,41.09375,41.1875,40.6875,47.40625,41.5,44,41,40.40625,40.90625,56,40,41.59375,44.1875,45.3125,41.90625,41.3125,42.8125,43,42,42.40625,42.09375,44.1875
DZA,Algeria,"[-8.68, 19.06, 12.0, 37.12]",,,,,,,,,,,,,,,,,,,,,,,,,,,,,,,,,,,,,,,,,,,,,,,,,,,,,,,,
ECU,Ecuador,"[-80.97, -4.96, -75.23, 1.38]",39.8125,40.09375,42.40625,42,40.90625,39.1875,40.3125,38.8125,43.3125,41.3125,40.6875,37.90625,41.6875,40.09375,40.59375,42.8125,44.5,40.90625,38,41,37,38.40625,44.09375,42.3125,42,45.1875,44.90625,46.1875,42.90625,41,42.09375,40.6875,44,42.90625,42.59375,47.1875,43,42.6875,48,44.40625,45.09375,43.5,44.3125,47.59375,47.40625,43.3125,43.90625,46.09375,46.09375,46.1875,43.59375,45.8125,49.1875,45.1875,46,47.40625
EGY,Egypt,"[24.7, 22.0, 36.87, 31.59]",51.40625,48.5,51.90625,51.5,53.5,51.8125,53,52.09375,50,51,50.3125,53.3125,75.625,50.8125,51.59375,50.5,51.09375,49.90625,52.3125,53.59375,51,52,58.59375,49.1875,51.40625,51.40625,52.3125,52.3125,50.5,61,52.3125,52.1875,51.8125,58.5,53.90625,53.1875,51.5,55.5,69.375,57.6875,53.40625,52.8125,58,54.1875,53.90625,52.5,53.90625,54.1875,54.5,52.90625,53.90625,53,53.6875,53.1875,54.8125,63.90625
ERI,Eritrea,"[36.32, 12.46, 43.08, 18.0]",57.90625,52.3125,59.90625,54.8125,65.3125,62.09375,71.3125,61,54,57.90625,61.5,56.09375,69.625,69.3125,70.3125,61.09375,69.125,56.09375,76.8125,64,63.5,60.40625,74.1875,58.3125,60.6875,61.90625,62.59375,57.8125,59,69.6875,59.90625,57.5,61.6875,62.09375,59.09375,66.3125,72.3125,60.8125,59.1875,62.1875,54.3125,66.875,56.59375,73.1875,61,56.5,59.5,63.1875,59.59375,56.1875,58,58.40625,59,59.5,60.3125,66
ESP,Spain,"[-9.39, 35.95, 3.04, 43.75]",46.6875,53.59375,49.5,47.90625,48.59375,47.59375,47.59375,47.5,50.90625,50.90625,52,48.5,47.40625,48,48.6875,49.09375,47,48.3125,49.8125,47.3125,46.1875,54.40625,47.90625,48.6875,49.40625,48.5,49.90625,49.40625,51.40625,50.3125,50.3125,50.09375,47.8125,50.40625,50.6875,50.1875,49.90625,49.40625,50.1875,54.40625,50.6875,51.8125,52.40625,50.5,53.40625,50.5,57,50.90625,50.59375,50.40625,51.1875,52.40625,51,53.09375,54.5,54.59375
EST,Estonia,"[23.34, 57.47, 28.13, 59.61]",32.09375,36.09375,37.09375,34.90625,31.40625,29.90625,32.3125,31.09375,34.40625,38.3125,38.6875,31.5,36.09375,40.09375,29.5,33.6875,34.6875,36.09375,39.1875,34.6875,33.09375,37.8125,33.6875,36.5,37.90625,31.5,36.09375,31.09375,35.59375,42.09375,36.59375,35.5,37.3125,44.3125,36.09375,41.1875,41.3125,41.40625,40.6875,39.3125,38.59375,33,40.59375,33.5,38.6875,39.90625,39,34.59375,37.6875,41.90625,41.40625,38.8125,40.90625,40.6875,39.1875,42.6875
ETH,Ethiopia,"[32.95, 3.42, 47.79, 14.96]",,,,,,,,,,,,,,,,,,,,,,,,,,,,,,,,,,,,,,,,,,,,,,,,,,,,,,,,
FIN,Finland,"[20.65, 59.85, 31.52, 70.16]",,,,,,,,,,,,,,,,,,,,,,,,,,,,,,,,,,,,,,,,,,,,,,,,,,,,,,,,
FJI,Fiji,"[-180.0, -18.29, 180.0, -16.02]",,,,,,,,,,,,,,,,,,,,,,,,,,,,,,,,,,,,,,,,,,,,,,,,,,,,,,,,
FLK,Falkland Islands,"[-61.2, -52.3, -57.75, -51.1]",,,,,,,,,,,,,,,,,,,,,,,,,,,,,,,,,,,,,,,,,,,,,,,,,,,,,,,,
FRA,France,"[-5.0, 42.5, 9.56, 51.15]",,,,,,,,,,,,,,,,,,,,,,,,,,,,,,,,,,,,,,,,,,,,,,,,,,,,,,,,
GAB,Gabon,"[8.8, -3.98, 14.43, 2.33]",,,,,,,,,,,,,,,,,,,,,,,,,,,,,,,,,,,,,,,,,,,,,,,,,,,,,,,,
GBR,United Kingdom,"[-7.57, 49.96, 1.68, 58.64]",,,,,,,,,,,,,,,,,,,,,,,,,,,,,,,,,,,,,,,,,,,,,,,,,,,,,,,,
GEO,Georgia,"[39.96, 41.06, 46.64, 43.55]",47.1875,42.5,44.6875,45.8125,46.09375,46.5,45.59375,46.40625,45.90625,44.59375,45.59375,44.59375,46.59375,46.59375,47.5,48.8125,47.1875,44.59375,48,48.09375,47.6875,45.90625,49.5,46.09375,46.59375,45.90625,49.1875,47.90625,48,49.5,46.8125,45.1875,48.3125,49.5,48.59375,47.59375,48.59375,49,48.09375,49.3125,48.09375,52.5,49.40625,48.6875,48.8125,50.8125,46.3125,51.8125,48.5,51,51.59375,52.1875,56.40625,49.40625,51.8125,49.1875
GHA,Ghana,"[-3.24, 4.71, 1.06, 11.1]",56.8125,53.90625,54.40625,53,54.40625,55.09375,59.5,51,55.09375,56.59375,54.8125,55,55.1875,56.6875,52.1875,53.5,55.40625,56.5,54.90625,47.8125,52.3125,56.3125,52.6875,50,56.3125,57.5,58.6875,57.5,56,59.1875,53.8125,55.09375,58.8125,53.09375,58,61.5,61.8125,61.09375,56.1875,58.3125,52.5,56,55.59375,57.6875,58.6875,56.1875,58.3125,58.6875,59.40625,53.90625,54.8125,59.5,54,54,55.40625,59.40625
GIN,Guinea,"[-15.13, 7.31, -7.83, 12.59]",50.6875,49.3125,51.6875,53.59375,50.1875,55.3125,56.59375,49.90625,56.8125,52.90625,52.1875,55.8125,52.90625,57,52.1875,52.09375,52.59375,56,53.3125,49.1875,54.3125,52.8125,52.90625,52.1875,50.1875,58.3125,56,52.5,52.6875,54.40625,50.90625,58.5,55.5,57.8125,58.09375,52.6875,52.3125,56.5,54.6875,56.8125,54.5,56.5,56.6875,51.6875,55.3125,53,57.90625,55.6875,56.5,58.59375,57.6875,52.3125,55.8125,55.1875,55.6875,55.40625
GMB,Gambia,"[-16.84, 13.13, -13.84, 13.88]",46.59375,45.90625,45.3125,46.5,47,46.1875,46.5,45.8125,46.09375,46.1875,46.3125,46.3125,46.3125,45.90625,46.40625,46.6875,46.40625,45.90625,46.40625,46.59375,45.8125,46.8125,46.90625,47.6875,48,47.3125,47,47.3125,47.5,47.90625,47.8125,47,48.40625,48.40625,48.40625,49.90625,48.1875,48.90625,49.59375,48.6875,48,48.3125,50.1875,48.6875,49.59375,48.90625,48.8125,49.40625,48.90625,48.90625,49.59375,50.59375,49.3125,49.09375,49.09375,51.5
GNB,Guinea Bissau,"[-16.68, 11.04, -13.7, 12.63]",45.5,44.40625,44,47.6875,46.40625,44.5,46,45.09375,45.5,45.90625,44.5,45.1875,52.40625,44.90625,45.59375,46.40625,45.90625,45.09375,46.09375,46.8125,45.1875,47,46.90625,48.40625,49.1875,47.40625,46.3125,46.8125,46.3125,46.5,47.1875,45.6875,47.5,47.59375,48.1875,48.6875,47.09375,47.3125,48,48.3125,47.40625,47.1875,49.8125,48.5,49.90625,47.09375,47.6875,47.90625,48.6875,48.59375,48,49,48.90625,48.90625,48.59375,51.59375
GNQ,Equatorial Guinea,"[9.31, 1.01, 11.29, 2.28]",41.90625,35,35.3125,34.90625,36.09375,34.1875,37.09375,37.1875,38.1875,35.6875,36.59375,36.90625,37.6875,35.8125,34.40625,37.3125,36,35.8125,35.6875,36.09375,38.40625,35.8125,36.09375,35.90625,37,37.6875,42.1875,37.1875,40.40625,36.59375,38.40625,36.59375,36,37.8125,36.90625,38.40625,38,38,37.59375,38,37.1875,39.40625,38.6875,38.3125,38.5,38,37.8125,38.09375,38.8125,39.1875,38.3125,38.90625,38.8125,38.3125,38.5,39.8125
GRC,Greece,"[20.15, 34.92, 26.6, 41.83]",46.8125,42.40625,54,51.8125,53.3125,47.1875,47.6875,47.09375,44.8125,54.90625,46.6875,44.6875,46.1875,52,49,51.09375,47.1875,46.40625,47.40625,46.09375,45.5,51.09375,45.5,49.90625,45.59375,49.90625,47.09375,57.6875,46,51.6875,50,51.8125,47.6875,49.1875,49.09375,47.59375,49,54.3125,47.8125,50.40625,47.09375,52.5,48.8125,50.40625,48.8125,46.8125,48.6875,53,52,51.40625,48.90625,49.90625,49.09375,50.40625,50.90625,50
GRL,Greenland,"[-73.3, 60.04, -12.21, 83.65]",,,,,,,,,,,,,,,,,,,,,,,,,,,,,,,,,,,,,,,,,,,,,,,,,,,,,,,,
GTM,Guatemala,"[-92.23, 13.74, -88.23, 17.82]",46.5,42.5,43.8125,41.59375,42.3125,44.3125,42.3125,45.8125,44.5,44,46.59375,42.6875,45.1875,45.09375,50.40625,44.40625,43.8125,51,47.3125,44.90625,41.90625,42,46.09375,43.3125,45.8125,45.1875,46.09375,44.59375,43.1875,44,49.3125,42.8125,45.3125,48.3125,47.90625,47.1875,46.1875,48.8125,47.1875,46.6875,43.3125,45.90625,49.3125,48.6875,48.59375,46.6875,48.09375,46.59375,44.40625,46.8125,50.5,48.3125,47.3125,47.09375,47.40625,49.8125
GUY,Guyana,"[-61.41, 1.27, -56.54, 8.37]",44,40.59375,42.09375,42.09375,41.90625,42.6875,44.5,41.5,43.09375,43.90625,47.09375,43,44.40625,42.90625,43.8125,44.3125,43.90625,42,42.59375,45,41,43.6875,43.59375,43.3125,44.09375,43.59375,44.5,47,43.1875,45.40625,45.3125,44.1875,44.59375,46.40625,45.5,46.8125,43.8125,45.59375,46.40625,44.5,46.6875,45.3125,45,46,45.59375,44.40625,46.40625,45.8125,47.5,46.5,45.90625,46.40625,46.59375,46.90625,47.5,47.40625
HND,Honduras,"[-89.35, 12.98, -83.15, 16.01]",46.5,41.09375,44.8125,43.1875,45.3125,41.8125,41.1875,45.8125,43.3125,45.3125,46.59375,41.5,43.6875,45.6875,50.40625,44.40625,41.40625,50.6875,47.3125,50.40625,44.40625,48.1875,48.40625,43.3125,45.8125,42.8125,46.09375,44.59375,41.90625,43.6875,47.59375,42.5,44.6875,43.3125,49.8125,44,44.1875,44.40625,45.09375,43.09375,45.59375,48.59375,46.3125,48.6875,49.09375,44.6875,44.59375,44.59375,44.1875,50.09375,44.3125,54.5,53.40625,44.40625,48.5,48.5
HRV,Croatia,"[13.66, 42.48, 19.39, 46.5]",44.1875,43.5,55.6875,45.59375,48.90625,45.90625,44.40625,46.6875,41.1875,44.6875,47.59375,44.3125,47,49.1875,49.90625,45.8125,45.3125,45.6875,51.3125,48.8125,47.40625,48.6875,47.6875,46.6875,46.6875,46.59375,49,51.40625,51.6875,56.3125,49.1875,50.40625,47.8125,52.6875,47.59375,51.09375,56.59375,58.5,57,49.59375,47.59375,52.5,51.5,43.90625,53.8125,53,46.8125,51.1875,50.09375,51,48.90625,50.8125,52.90625,56,57.09375,55.59375
HTI,Haiti,"[-74.46, 18.03, -71.62, 19.92]",39.3125,37.5,38.5,48.40625,41.8125,38.59375,38.59375,40.59375,38.8125,41.1875,38,38.90625,46.1875,39.09375,38.1875,39.40625,41.40625,39.5,40.1875,49.3125,39.8125,48.3125,39.90625,44.40625,40,39.6875,43.40625,47.3125,43.8125,39.8125,49.09375,39.8125,40.40625,49.1875,41.09375,41.1875,41.6875,47.40625,41.5,44,41,40.40625,40.90625,56,45.5,41.59375,44.1875,41.3125,41.90625,41.8125,42.8125,43,42,42.40625,42.09375,43.1875
HUN,Hungary,"[16.2, 45.76, 22.71, 48.62]",45.5,44.8125,55.6875,47,51.09375,45.90625,44.90625,47.6875,48.3125,53,55.3125,48.1875,47.09375,49.1875,50.1875,48.09375,52.59375,46.90625,51.3125,51,52.90625,50.3125,47.8125,52.3125,46.6875,48,49,51.40625,53.6875,56.5,49.1875,51,48.09375,52.6875,49.1875,54.8125,56.59375,58.5,57,49.59375,62.3125,51.1875,53.09375,44.59375,53.3125,53,54.09375,51.1875,50.09375,54.90625,50.90625,50.8125,62.40625,56.8125,56.3125,55.59375
IDN,Indonesia,"[95.29, -10.36, 141.03, 5.48]",,,,,,,,,,,,,,,,,,,,,,,,,,,,,,,,,,,,,,,,,,,,,,,,,,,,,,,,
IND,India,"[68.18, 7.97, 97.4, 35.49]",59.1875,61.09375,63.40625,74.3125,64.3125,64.8125,68.1875,62.09375,63,66.875,62.5,62.3125,63.8125,64.3125,67.125,64.5,65,63,63.09375,62.40625,64.625,61.6875,62.1875,62.40625,63.8125,66.5,67,65.8125,66.6875,66.625,64.375,62,66.625,69,69.375,60.8125,64.8125,69.6875,64.3125,64.625,60.59375,66.1875,67.5,64.125,67.1875,65.3125,70,66.1875,63.8125,66.3125,67,69.8125,65.3125,75.375,66.1875,64.125
IRL,Ireland,"[-9.98, 51.67, -6.03, 55.13]",27.296875,33.40625,25.09375,26.296875,30.09375,25.703125,26.703125,26.09375,29.796875,30.796875,28.296875,29.90625,25.40625,28.09375,26.59375,32.40625,25.59375,30.796875,29.40625,27.203125,26.796875,30.40625,31.09375,32.8125,28.59375,28.703125,29.796875,31.703125,34.5,31.203125,29.703125,31.40625,30.59375,29,31.40625,28.09375,33.90625,25.296875,29,31.203125,33,31.90625,31.796875,29.796875,38.6875,34.59375,34.3125,28,37.09375,29.296875,31.90625,29.796875,38.8125,38.8125,36.8125,37.40625
IRN,Iran,"[44.11, 25.08, 63.32, 39.71]",60.09375,54.09375,54.40625,57.59375,55.1875,61.6875,55.1875,60.90625,68.375,54.3125,55.1875,55.1875,55.90625,64.1875,55.8125,56,62.5,54.5,57.1875,64.125,60.09375,62,63.5,55.5,55.09375,55,63.40625,63.90625,62.40625,68.125,61.5,60.5,60.5,80.8125,57.09375,58.09375,66.3125,72,66.3125,59.59375,57.1875,59.40625,70.8125,62.5,56.8125,58.1875,64.6875,63,69,65.375,59.1875,65.6875,82.5,62.3125,60.5,59.6875
IRQ,Iraq,"[38.79, 29.1, 48.57, 37.39]",57.09375,54.09375,54.40625,57.59375,57.6875,61.6875,55.1875,66.1875,68.375,54.3125,55.1875,55.1875,55.90625,58.59375,55.8125,56,55,57.1875,57.1875,64.125,60.09375,56.40625,76.3125,55.5,55.09375,55,62,60.8125,57,71.1875,56.5,60.5,59,61.59375,59.59375,58.09375,65.6875,60.3125,66.3125,74,57.1875,59.40625,58.5,58.1875,61.09375,67.6875,64.6875,61.5,59.09375,65.375,62.59375,65.6875,78.625,62.3125,58.6875,59.6875
ISL,Iceland,"[-24.33, 63.5, -13.61, 66.53]",22.703125,24.40625,22.296875,24.90625,23.203125,23.5,24.5,20.703125,24.59375,19.90625,21.796875,24.703125,20.40625,25.203125,23.40625,22.703125,22.59375,27.40625,23.40625,25.296875,22.203125,26.203125,24.90625,24.59375,23.796875,24.796875,23.40625,28.59375,29.59375,29.90625,29.703125,25.203125,30.09375,26,25.09375,26.40625,25.5,24.09375,29.703125,24.796875,25.09375,30.90625,26.90625,27.59375,28.40625,28.703125,26.59375,28,27.703125,29.5,27,27.203125,32,24.59375,28.296875,28
ISR,Israel,"[34.27, 29.5, 35.84, 33.28]",48.5,45.09375,48.09375,45.8125,50.1875,47.40625,47.5,46.09375,46,46.8125,45.6875,46,49.1875,46.40625,49.09375,46.59375,47.3125,45.6875,46.6875,48.5,47.8125,47.6875,49.59375,45.90625,47.5,46.90625,52.8125,47.40625,46.5,52.6875,49.8125,49.8125,47.1875,50.59375,47.6875,49.1875,51.3125,49.8125,64.5,50,47.59375,48,48.09375,49.8125,48.40625,47.40625,47.5,49.59375,49,51,47.6875,49.09375,48.09375,49.5,49.8125,50.8125
ITA,Italy,"[6.75, 36.62, 18.48, 47.12]",47.5,52.09375,54.59375,48.09375,55.09375,48.90625,49.09375,46.59375,47.59375,47.90625,48.40625,49.1875,49.09375,50.3125,50.1875,48.59375,50.1875,49.59375,51.3125,47.8125,47.8125,50.1875,49.6875,53.1875,50,47.3125,49.90625,52.59375,50.6875,51.6875,51.1875,51.1875,51.90625,52.09375,53.09375,51.90625,56.59375,58.5,57,51.90625,49.09375,51.5,51.5,52.09375,53.8125,50.1875,52.5,51.09375,50.8125,53.40625,54.6875,51.3125,54.1875,54.59375,57.09375,55.59375
JAM,Jamaica,"[-78.34, 17.7, -76.2, 18.52]",36.6875,35.09375,35.3125,40.5,41.40625,37,36.3125,37.09375,36.40625,36.40625,42.59375,37.5,36.6875,41.1875,36.3125,36.5,36,36.1875,37.09375,37.09375,36.40625,37.1875,36.90625,36.59375,36.5,38.3125,38.6875,38.1875,36.6875,39.40625,38,37.6875,43.90625,38.09375,38.3125,37.59375,37.40625,38.40625,38.90625,39.59375,37.8125,37.90625,38.3125,38.09375,38.09375,38,39,39,40.09375,38.40625,38.59375,40.59375,39.09375,38.59375,39.6875,38.90625
JOR,Jordan,"[34.92, 29.2, 39.2, 33.38]",48.5,46.6875,48.09375,46,50.1875,48.40625,53,49.8125,46,47.59375,46.09375,50,48.6875,46.40625,49.09375,46.59375,47.3125,46.40625,47.5,49.8125,47.8125,50.90625,57.09375,45.90625,47.8125,46.90625,52.8125,48.6875,46.5,52.6875,49.8125,49.8125,47.1875,50.59375,56.5,50.1875,55.09375,55.5,70.6875,49,48.09375,49.8125,48.5,49.8125,48.8125,48.3125,48.5,54.40625,57.5,51.5,50.5,49.5,49.6875,50.8125,55.3125,51.1875
JPN,Japan,"[129.41, 31.03, 145.54, 45.55]",,,,,,,,,,,,,,,,,,,,,,,,,,,,,,,,,,,,,,,,,,,,,,,,,,,,,,,,
KAZ,Kazakhstan,"[46.47, 40.66, 87.36, 55.39]",,,,,,,,,,,,,,,,,,,,,,,,,,,,,,,,,,,,,,,,,,,,,,,,,,,,,,,,
KEN,Kenya,"[33.89, -4.68, 41.86, 5.51]",,,,,,,,,,,,,,,,,,,,,,,,,,,,,,,,,,,,,,,,,,,,,,,,,,,,,,,,
KGZ,Kyrgyzstan,"[69.46, 39.28, 80.26, 43.3]",,,,,,,,,,,,,,,,,,,,,,,,,,,,,,,,,,,,,,,,,,,,,,,,,,,,,,,,
KHM,Cambodia,"[102.35, 10.49, 107.61, 14.57]",,,,,,,,,,,,,,,,,,,,,,,,,,,,,,,,,,,,,,,,,,,,,,,,,,,,,,,,
KOR,South Korea,"[126.12, 34.39, 129.47, 38.61]",,,,,,,,,,,,,,,,,,,,,,,,,,,,,,,,,,,,,,,,,,,,,,,,,,,,,,,,
KWT,Kuwait,"[46.57, 28.53, 48.42, 30.06]",52.6875,51.6875,52.6875,53,53,61.6875,53.3125,53.5,52.8125,52.59375,53,53.09375,54.6875,53.09375,54.09375,54,55,53.09375,55.40625,55.40625,58.6875,54.8125,63.5,53.40625,53.40625,52.90625,57.5,54.90625,54.40625,66.8125,55.09375,55.40625,54.6875,57.6875,55.59375,56.3125,63,55.90625,62.8125,56.1875,55.6875,55.90625,57.09375,56.8125,55.6875,56.90625,55.3125,56,68.375,56.59375,57.6875,56.6875,56.5,56.8125,57.59375,57.8125
LAO,Laos,"[100.12, 13.88, 107.56, 22.46]",51.1875,56.1875,53.40625,51,52.6875,52.09375,55.1875,59.5,53.09375,54.40625,57.59375,67.625,53.6875,56.40625,54.3125,51,53.5,53.6875,52.5,62.59375,50.5,56.5,71.625,46.3125,52.90625,51.3125,53.1875,49.09375,50.09375,56.1875,57,49,61.90625,57.1875,55.59375,62.1875,53.8125,59.40625,56,62,55,56.40625,57.40625,55.09375,52.3125,50.6875,58.6875,57.40625,61.90625,57.90625,51.90625,57.59375,60.3125,57,59.90625,59.40625
LBN,Lebanon,"[35.13, 33.09, 36.61, 34.64]",48.5,43.1875,44.90625,43.6875,45.09375,42.8125,43.8125,44.5,43.6875,46.59375,44.8125,45.90625,47.3125,45.09375,46.1875,43.8125,45.3125,43.09375,45.90625,47.1875,45.5,45.09375,54.40625,45.6875,44.1875,44.3125,48.59375,47.59375,43.8125,46.3125,46.90625,49.8125,44.8125,46.6875,46.90625,46.90625,55.09375,49.09375,47.90625,48.3125,46.59375,48.09375,46.90625,48.59375,45.6875,47.40625,45.90625,49.59375,47.3125,63.40625,46.8125,47.5,47.40625,47.90625,46.90625,50.09375
LBR,Liberia,"[-11.44, 4.36, -7.54, 8.54]",40.40625,42,41.6875,43.59375,45.90625,41.90625,45.1875,40.1875,43.1875,45.59375,48.3125,41.5,43.09375,43.09375,41.40625,44.59375,44.90625,41.40625,40.6875,45.6875,42.3125,40.90625,41.8125,41.59375,41.8125,42.8125,42,44.8125,47.40625,42,45.90625,42.8125,43.09375,42,43.40625,50.40625,43.1875,44.59375,45.3125,44,42.6875,47.8125,45,43.59375,44.5,42.90625,43.6875,44.5,45.40625,43.3125,43.09375,49,45.5,49.09375,46.09375,46.59375
LBY,Libya,"[9.32, 19.58, 25.16, 33.14]",49.5,48,59.6875,64.375,59.90625,55.40625,55,56.59375,58.6875,58.59375,49.90625,58,53.09375,55.5,56.59375,63.6875,54,49,50.8125,62.6875,63.40625,60.09375,56.90625,49.59375,55.90625,61.09375,56.59375,64.625,54.3125,70.6875,56,64.8125,59.09375,64.625,63.09375,62.1875,66.6875,68.625,62.3125,65.8125,62.8125,58.1875,73.3125,58.59375,52,65.1875,58.6875,60.59375,58.09375,58.59375,53,53.8125,62,53.5,72,58.8125
LKA,Sri Lanka,"[79.7, 5.97, 81.79, 9.82]",43.6875,43.1875,44.1875,44.3125,43.6875,42.40625,41.1875,39.59375,42.5,43.3125,41.5,46,41.3125,47.5,47,52.90625,42,46.8125,43,43.8125,49.59375,50.8125,41.90625,41.5,41.40625,45.59375,41.6875,45.6875,43,48.5,42.09375,41.3125,46.40625,43.90625,48,44.59375,45.90625,41.90625,42.90625,47.1875,53.6875,47.6875,42.8125,43.6875,42.8125,45.09375,49.8125,43.59375,45,45.3125,53.1875,45.90625,42.90625,48.3125,48.40625,44.3125
LSO,Lesotho,"[27.0, -30.65, 29.33, -28.65]",38.90625,47.40625,40.6875,42.8125,40.09375,39.5,38.1875,40.6875,39.3125,40,45.5,46,44.6875,38.59375,38.40625,41.90625,44.40625,46.3125,40.3125,38.8125,45.6875,40.09375,41.90625,41.1875,42.90625,41.8125,65,40.8125,41.8125,50.1875,44,55.40625,43,42.1875,43.1875,42.59375,41.90625,42.6875,43.8125,46.8125,42.59375,45,43.09375,45.1875,44,44.6875,43.1875,50.3125,51.59375,43.3125,43.1875,47.6875,44.1875,45.1875,51,43.1875
LTU,Lithuania,"[21.06, 53.91, 26.59, 56.37]",35.8125,36.90625,39.90625,38.1875,37.40625,35.5,36,39.5,33.90625,40,41.8125,38.09375,42.5,41.6875,36.3125,39,38.3125,41.90625,41.09375,40,38.59375,41.3125,37.3125,37.40625,41,37,40,37.90625,40.8125,45.59375,39.40625,37.90625,40.1875,44.90625,39.1875,42.40625,44.40625,45.40625,44,41.5,41.6875,40,43.40625,38.5,44.8125,42.6875,40.40625,44.1875,40.90625,44.90625,43.3125,41.3125,44.8125,44.6875,43.8125,45.1875
LUX,Luxembourg,"[5.67, 49.44, 6.24, 50.13]",31.09375,39.40625,31.90625,35.1875,35.3125,32.40625,34.5,36.09375,38,40.5,36.90625,36.3125,38.8125,38.3125,35.8125,41.6875,35.90625,39.6875,43.90625,42.6875,40.09375,38.5,41.90625,42.40625,34,36.8125,40.3125,44,42.1875,46.09375,36.90625,39.6875,45.40625,38.6875,38.6875,42.3125,43.09375,40.1875,38,43.40625,42.3125,43,42.3125,37.8125,43.09375,47.40625,41.5,40,42.5,41.40625,42.59375,41.8125,43.3125,47.5,43.8125,45.6875
LVA,Latvia,"[21.06, 55.62, 28.18, 57.97]",33.6875,36.09375,39.5,37,33.40625,32,33.59375,30.796875,33.8125,38.3125,41.09375,33.90625,39.1875,41.40625,32,35.8125,35.5,36.5,39.3125,37.5,36.90625,39.6875,35.40625,37.3125,39.6875,35.1875,38,34.5,38.40625,42.90625,38.8125,36.1875,38.8125,44.90625,37.90625,42,43.6875,44.5,42.5,39.40625,40.6875,33.59375,42.90625,33.90625,40.6875,39.90625,37.1875,37,39.1875,42.40625,42.09375,41.09375,42.3125,41.6875,41.5,45.1875
MAR,Morocco,"[-17.02, 21.42, -1.12, 35.76]",,,,,,,,,,,,,,,,,,,,,,,,,,,,,,,,,,,,,,,,,,,,,,,,,,,,,,,,
MDA,Moldova,"[26.62, 45.49, 30.02, 48.47]",44.3125,46.6875,49.1875,50.6875,50.5,42.90625,44.09375,45.59375,45.5,49.40625,52.6875,46.09375,46.1875,49.1875,51.09375,53.6875,44.6875,49.40625,46.40625,49,46.59375,52.1875,43.3125,52.6875,48.6875,47.8125,48,48.09375,51.40625,56.1875,49,48.6875,56,49.40625,59.40625,52.8125,49,57,46.6875,49.3125,47.1875,51.90625,47.90625,44.5,47.90625,50.5,50.3125,51,52.3125,53.59375,54,50.1875,57.1875,56.8125,54.3125,58.59375
MDG,Madagascar,"[43.25, -25.6, 50.48, -12.04]",56.90625,43.40625,52.5,49.5,43.90625,43.6875,46.90625,45.3125,44.1875,49.5,57,45.6875,56.09375,43.6875,46.1875,50.3125,46.09375,45,43.09375,47.90625,47.3125,44.09375,57.3125,55.90625,46.6875,54.6875,46,50.09375,55.6875,48.8125,45.8125,45,49,50.90625,49.09375,47.5,47.90625,48.90625,46.8125,52.59375,46.59375,52.6875,46.3125,53.5,53,51,44.40625,52.1875,50.5,45.6875,50.1875,47.1875,49.90625,47.09375,51,49.09375
MEX,Mexico,"[-117.13, 14.54, -86.81, 32.72]",,,,,,,,,,,,,,,,,,,,,,,,,,,,,,,,,,,,,,,,,,,,,,,,,,,,,,,,
MKD,Macedonia,"[20.46, 40.84, 22.95, 42.32]",46.8125,42.40625,54,42.6875,46.3125,42.1875,47.09375,47.09375,42.6875,54.90625,45.3125,44.59375,46.1875,51.90625,48.3125,45,45.6875,45.3125,45.6875,46.09375,44,51.09375,44.09375,49.90625,44.40625,49.90625,45.6875,57.6875,45,47.90625,46.6875,48.90625,45.6875,48.09375,49.09375,46.1875,47.90625,52,47.5,47,46,49.59375,48,46.90625,47.8125,45.90625,48.09375,51.1875,48.59375,51.40625,48,48.40625,48.40625,49.1875,50.90625,49.09375
MLI,Mali,"[-12.17, 10.1, 4.27, 24.97]",69.375,69,79.375,78,69.6875,69,69.3125,67,71.8125,61.90625,66.125,67.8125,64.8125,72.8125,69.8125,65.5,76.875,71.625,74.8125,74.125,74.6875,70.8125,68.875,66.1875,69.1875,77.1875,75,69.875,67.3125,76.875,83.875,66.5,72,69.125,75.8125,79.375,69.3125,70.125,71.5,76.375,69.8125,68.125,79.5,68.625,72,66.625,72.8125,74.6875,64.625,80.1875,73.3125,66.6875,72.6875,71.3125,70.625,71.1875
MMR,Myanmar,"[92.3, 9.93, 101.18, 28.34]",53.40625,50.40625,50.3125,49.09375,53.1875,51.59375,55.1875,59.5,53.09375,54.40625,55.5,67.625,53.6875,56.40625,51,49.59375,52.5,53.6875,52.5,51,48.6875,56.5,71.625,53.5,52.90625,53.40625,49.40625,49.09375,55.3125,56.1875,54.09375,48.8125,53.6875,55.90625,55.59375,62.1875,53.6875,59.1875,56,52.3125,55,49.40625,52,55.09375,51.3125,51,56.40625,61.1875,61.90625,58.6875,59.6875,57.59375,60.3125,59.09375,59.90625,53.09375
MNE,Montenegro,"[18.45, 41.88, 20.34, 43.52]",40.3125,36.90625,42.8125,40.90625,44.3125,41.5,43.09375,42,37.8125,43.90625,42.40625,40,44.09375,41.3125,45.6875,41.59375,41.40625,38.59375,42.90625,48.8125,41.6875,41,43.90625,41.5,41.90625,42.5,45.40625,44.59375,43.09375,46.1875,44.8125,48.90625,44.6875,44.8125,45.5,46.5,46.6875,45.40625,43.90625,43.40625,42.90625,52.5,44,42,46.59375,43.6875,43.3125,47.3125,46.59375,46.09375,48.90625,45.40625,45.59375,48.3125,46.1875,51.6875
MNG,Mongolia,"[87.75, 41.6, 119.77, 52.05]",,,,,,,,,,,,,,,,,,,,,,,,,,,,,,,,,,,,,,,,,,,,,,,,,,,,,,,,
MOZ,Mozambique,"[30.18, -26.74, 40.78, -10.32]",,,,,,,,,,,,,,,,,,,,,,,,,,,,,,,,,,,,,,,,,,,,,,,,,,,,,,,,
MRT,Mauritania,"[-17.06, 14.62, -4.92, 27.4]",,,,,,,,,,,,,,,,,,,,,,,,,,,,,,,,,,,,,,,,,,,,,,,,,,,,,,,,
MWI,Malawi,"[32.69, -16.8, 35.77, -9.23]",,,,,,,,,,,,,,,,,,,,,,,,,,,,,,,,,,,,,,,,,,,,,,,,,,,,,,,,
MYS,Malaysia,"[100.09, 0.77, 119.18, 6.93]",,,,,,,,,,,,,,,,,,,,,,,,,,,,,,,,,,,,,,,,,,,,,,,,,,,,,,,,
NAM,Namibia,"[11.73, -29.05, 25.08, -16.94]",,,,,,,,,,,,,,,,,,,,,,,,,,,,,,,,,,,,,,,,,,,,,,,,,,,,,,,,
NCL,New Caledonia,"[164.03, -22.4, 167.12, -20.11]",32.8125,33.59375,33.1875,33.6875,34.6875,34,34.40625,34.40625,33.59375,41.3125,35.3125,35.40625,35.3125,34.09375,34.40625,34.5,34.5,34.59375,34.6875,35,34.8125,34.1875,35.5,40.59375,36.09375,36.09375,34.3125,36.3125,34.59375,35.5,36.09375,34.90625,35.8125,38.59375,36.90625,37,35.3125,37.8125,37.40625,35.6875,35.09375,35.40625,35.40625,36.40625,36.59375,37.59375,35.5,35.59375,35.6875,37.90625,35.3125,37.09375,36.90625,38.09375,36.40625,37.59375
NER,Niger,"[0.3, 11.66, 15.9, 23.47]",68.125,67.3125,79.375,66.125,69.6875,69,69.3125,67,70.6875,62.90625,63,64,62.6875,72.8125,69.1875,65.5,76.875,66.3125,74.8125,70,72.125,70.8125,74.875,65.1875,69.1875,68.8125,72.5,69.875,68.5,76.875,83.875,63.90625,72,69.125,71.875,79.375,69.3125,65,71.5,76.375,69.8125,66.5,73.1875,67.375,66,65.5,72.8125,69.125,66.6875,74.625,73.3125,65.6875,72.6875,71.3125,75.875,68.125
NGA,Nigeria,"[2.69, 4.24, 14.58, 13.87]",59.90625,59,55.1875,57.09375,56.40625,60.5,60,62.59375,61.59375,62.90625,62.1875,64,61.90625,64,57.8125,57.3125,56.1875,60.59375,61.8125,62.5,58.8125,60.40625,60.59375,55,60.1875,62.8125,64.375,57.8125,62.59375,61,62.90625,59.1875,67.625,58.8125,62.59375,61.59375,63.09375,62.8125,61.8125,61.6875,60,62,61.40625,59.90625,65.6875,64.6875,62.3125,57.90625,61,63.90625,61.90625,64.8125,61.8125,60.40625,70.125,62.1875
NIC,Nicaragua,"[-87.67, 10.73, -83.15, 15.02]",43.6875,44.40625,44.8125,43.1875,45.3125,41.1875,46.5,45.8125,43.3125,45.3125,46.59375,41.5,43.6875,45.6875,50.40625,44,42,50.6875,44.6875,50.40625,44.40625,48.1875,48.40625,41.6875,45.8125,42.8125,42.6875,42.09375,42.90625,43.6875,44,42.5,44.6875,46.40625,49.8125,42.40625,42.1875,43.1875,44.5,43.09375,45.59375,48.59375,47.3125,43.40625,49.09375,47.3125,43.59375,44.09375,43.59375,50.09375,48.5,54.5,53.40625,44.40625,48.5,47.3125
NLD,Netherlands,"[3.31, 50.8, 7.09, 53.51]",30.703125,44.40625,34.5,37.09375,35.6875,34.59375,34.6875,38.8125,36,41.09375,39.8125,38.59375,38,38.3125,38.09375,41.40625,39.59375,41.5,45.09375,41.90625,40.40625,39.1875,42.40625,42.90625,34.90625,35.90625,42.09375,45.40625,45.09375,42,38,49.8125,45.59375,40,38.6875,42.8125,45.8125,38.59375,39,44.5,40.90625,43.6875,43.59375,39.40625,44.6875,48.5,43.3125,39.6875,44.90625,43.40625,45.5,43,42.90625,46.1875,43.1875,46.59375
NOR,Norway,"[4.99, 58.08, 31.29, 70.92]",35.1875,36.09375,35.90625,34.1875,31.40625,30.90625,29.90625,33.1875,35.8125,37.09375,39.6875,32.59375,35.8125,38.5,28.40625,35.6875,33.3125,34.1875,39.3125,33.09375,36.09375,34.59375,33.6875,35.09375,36.1875,31,36,32.8125,35.6875,39.8125,35.8125,35.09375,35.40625,42.90625,38.59375,41.1875,40.6875,39.90625,39.59375,37.5,38.90625,33.09375,39.3125,33.3125,37.1875,40.6875,39,32.40625,37.59375,40.90625,40,37,39.59375,39.6875,39,42.6875
NPL,Nepal,"[80.09, 26.4, 88.17, 30.42]",54.6875,56.6875,49.90625,56.59375,53.09375,51.8125,62.1875,51.1875,54.09375,59.59375,51.40625,53.1875,56,53.40625,54.90625,51.59375,51.09375,52,52.3125,51.40625,54.09375,54.8125,55.3125,55.40625,52.09375,52.40625,52.90625,52.8125,58.90625,52,59.3125,55.09375,53.5,54.90625,59.8125,56.09375,54,53.90625,54.6875,53.90625,55.6875,59.40625,55.09375,54.09375,58,57.5,55.09375,55.59375,58.09375,56.3125,57.59375,55.6875,56.8125,58,56.3125,61.59375
NZL,New Zealand,"[166.51, -46.64, 178.52, -34.45]",,,,,,,,,,,,,,,,,,,,,,,,,,,,,,,,,,,,,,,,,,,,,,,,,,,,,,,,
OMN,Oman,"[52.0, 16.65, 59.81, 26.4]",56,51.3125,54.1875,52.8125,51.90625,52.09375,53,53.3125,52.90625,54.40625,52.8125,53.8125,53.6875,53.59375,52.6875,52.59375,52.6875,53.8125,53.59375,53.6875,53.09375,55.3125,53.90625,53,54.09375,63.1875,53.40625,53.6875,53.8125,58.3125,58,54.1875,54,55.3125,57.59375,72.875,55.09375,72,54.6875,57,56.59375,56.09375,69.8125,54.90625,60.5,54.59375,62.6875,56.09375,56.3125,56.40625,56.3125,55.59375,56.5,62.90625,57.6875,56.59375
PAK,Pakistan,"[60.87, 23.69, 77.84, 37.13]",59.1875,58.1875,61.40625,56.40625,60,61.40625,59.3125,62.09375,61.40625,63.5,62.5,62.3125,63.8125,59.6875,67.125,64.5,59.5,55.40625,59.59375,60.3125,58.09375,55,57.6875,62.40625,61,64.5,67,64.1875,66.6875,60.8125,64.375,62,63.40625,80.8125,66.1875,59.8125,63,66.3125,63.09375,58.3125,58.6875,65.1875,62.8125,58.1875,61.6875,59.40625,62.5,62.3125,69,61.3125,63.09375,63.1875,82.5,62.09375,63.40625,61.8125
PAN,Panama,"[-82.97, 7.22, -77.24, 9.61]",40.8125,40.40625,48.1875,40.5,43.1875,40.09375,39.09375,40.09375,37.5,39.1875,41.6875,47.6875,41.40625,40.6875,39.3125,45.40625,40.8125,39.09375,40.3125,44.3125,39,42.1875,40.3125,41.40625,41.6875,47,41.40625,41.40625,47.59375,44.59375,39.59375,42.09375,46.1875,40.8125,42.3125,47.1875,48,46.8125,45.90625,41,40.8125,43.40625,48.5,43.3125,42,43.5,42.09375,41,43.6875,41.3125,44.40625,44.3125,49.90625,42.90625,47.59375,45
PER,Peru,"[-81.41, -18.35, -68.67, -0.06]",39.8125,37.59375,42.40625,42,40.90625,41.3125,41.90625,38.90625,43.3125,42.59375,40.6875,40.59375,42.6875,41,40.59375,43.8125,44.5,41.59375,44.40625,40.40625,40.3125,43.40625,44.09375,42.59375,43.59375,45.3125,45,46.1875,42.90625,44.40625,44.59375,43.09375,44,46.59375,46.09375,48.59375,43.5,45.40625,49.09375,44.90625,45.09375,44.6875,45.40625,47.59375,47.40625,44.6875,47.3125,46.59375,47.59375,46.3125,47.8125,50.09375,49.1875,46.6875,48,47.5
PHL,Philippines,"[117.17, 5.58, 126.54, 18.51]",53,50.59375,52.3125,52.09375,47.8125,51.1875,48.6875,51.5,49.90625,53.90625,52.59375,54.1875,51.40625,54,54.5,49.09375,53.1875,52.8125,54.40625,51.5,53.09375,50.3125,54.3125,53,51.90625,51.09375,49.5,59.09375,52.5,49.8125,51.3125,51.5,53.09375,52.1875,54.8125,51.6875,50.6875,48.40625,50.90625,52,51.3125,51,52,52.1875,53.3125,57.3125,49.90625,57.8125,55,50.8125,51.6875,49.90625,48.5,51.40625,52.5,50.5
PNG,Papua New Guinea,"[141.0, -10.65, 156.02, -2.5]",44.8125,48,43.1875,43,42.09375,45.90625,42,41.40625,42.8125,46.6875,43.3125,42.5,43.90625,42.59375,44.90625,42.8125,47.8125,43.8125,44.59375,42.59375,47.8125,45.09375,43.6875,44.09375,44.90625,41.6875,46,45.6875,47.09375,42.5,44.5,45.8125,42.3125,43.1875,41.8125,48.6875,45.90625,41.90625,44.90625,46.3125,47,42.6875,43.59375,42.5,44.90625,47.3125,45.3125,42.8125,46.6875,44.8125,51.5,47.1875,46.40625,44.90625,44.09375,45.5
POL,Poland,"[14.07, 49.03, 24.03, 54.85]",40,40.90625,48.59375,42.09375,47.40625,40.6875,42.5,43.59375,38.09375,44.59375,47.59375,39.6875,43.5,46.1875,42.90625,42,41.09375,42.40625,45.3125,47.1875,41.3125,43.3125,42.3125,45.5,43.8125,39.5,45.40625,45.90625,47.1875,54.40625,50.1875,44.8125,45.6875,50.6875,46.1875,47.5,48.09375,47.1875,48.09375,49.3125,51.09375,46.5,50.59375,43.40625,49,46.3125,47,47.6875,47.40625,48.6875,50.8125,47.5,50.3125,51.90625,49.3125,54
PRI,Puerto Rico,"[-67.24, 17.95, -65.59, 18.52]",34.59375,33.6875,34.6875,34.09375,34.59375,39,34.8125,34.90625,35.1875,34.40625,34.1875,38.5,34.90625,35.1875,35,34.8125,34.90625,35.09375,34.90625,34.90625,34.1875,35.1875,34.90625,34.59375,35.1875,35.3125,36.1875,36.5,34.90625,36.09375,35.90625,36.1875,43,37.59375,36.1875,36.6875,36.5,36.1875,39.8125,36.1875,36.1875,36.5,36.6875,36.59375,36.5,36.40625,36.90625,37.5,37.1875,37.5,37.09375,37.1875,37.40625,36.5,37.40625,37.6875
PRK,North Korea,"[124.27, 37.67, 130.78, 42.99]",45.6875,44.5,42.3125,40.90625,41.90625,41.8125,40.8125,46.09375,44.3125,40.8125,39.5,40.59375,39.59375,40.6875,42.40625,39.1875,42,47.5,44.1875,43.6875,44,39.1875,40.09375,43,40.90625,48.90625,44.90625,42.90625,42.40625,49.8125,42.3125,47.40625,43.5,45.6875,42.6875,49,46.8125,44.8125,39.3125,43,47.3125,45.40625,46.8125,43.59375,47.59375,51.40625,48.40625,48,45.6875,48.09375,45.3125,48,45.09375,46.8125,49.5,46.8125
PRT,Portugal,"[-9.53, 36.84, -6.39, 42.28]",43.90625,46.5,45,46,44.59375,45.90625,46,47.09375,47.09375,47.3125,47.6875,45.6875,47.40625,46.90625,45.09375,46.59375,45,45.59375,49.8125,45.8125,46,46.3125,45.90625,48.6875,44.09375,48.5,49.8125,44.40625,47.5,50.3125,48.3125,50.09375,47.8125,45.59375,48.40625,50.1875,49.90625,47.6875,48.5,54.40625,47.1875,48,52.40625,47.8125,49.59375,49.1875,48,47.09375,50.40625,48.3125,50.5,52.40625,49.8125,50.3125,52,53.5
PRY,Paraguay,"[-62.69, -27.55, -54.29, -19.34]",,,,,,,,,,,,,,,,,,,,,,,,,,,,,,,,,,,,,,,,,,,,,,,,,,,,,,,,
QAT,Qatar,"[50.74, 24.56, 51.61, 26.11]",51.09375,49.5,50.59375,51.09375,52.1875,50.3125,51.5,51,50.90625,51,50.90625,52.09375,51.6875,52,51.6875,51.59375,51.6875,50.90625,52.6875,53.6875,52.1875,51.6875,53.3125,51.5,52,51.5,53.5,52.90625,53.59375,52.59375,52.8125,53.5,53.5,54,53.59375,53.6875,54.5,53.6875,53.40625,54.1875,53,54.40625,53.8125,54.5,53.8125,53.6875,54.1875,54.40625,54.8125,55,54.8125,55.1875,55.8125,54.6875,55.59375,56.3125
ROU,Romania,"[20.22, 43.69, 29.63, 48.22]",48.90625,46.6875,55.6875,54.59375,51.09375,45.40625,45.09375,48.3125,48.3125,53,55.3125,48.1875,47.09375,49.1875,51.09375,53.6875,52.59375,51.1875,50.5,51,52.90625,52.1875,47.8125,52.6875,48.6875,48,51.8125,52.8125,56.3125,56.5,49.09375,51,56,52.6875,59.40625,58.1875,57.6875,58.40625,53.59375,51.59375,62.3125,51.90625,54.5,46.1875,53.3125,53,54.09375,52.5,56.90625,54.90625,54,58.09375,62.40625,56.8125,56.3125,64.5
RUS,Russia,"[-180.0, 41.15, 180.0, 81.25]",,,,,,,,,,,,,,,,,,,,,,,,,,,,,,,,,,,,,,,,,,,,,,,,,,,,,,,,
RWA,Rwanda,"[29.02, -2.92, 30.82, -1.13]",,,,,,,,,,,,,,,,,,,,,,,,,,,,,,,,,,,,,,,,,,,,,,,,,,,,,,,,
SAU,Saudi Arabia,"[34.63, 16.35, 55.67, 32.16]",,,,,,,,,,,,,,,,,,,,,,,,,,,,,,,,,,,,,,,,,,,,,,,,,,,,,,,,
SDN,Sudan,"[21.94, 8.62, 38.41, 22.0]",,,,,,,,,,,,,,,,,,,,,,,,,,,,,,,,,,,,,,,,,,,,,,,,,,,,,,,,
SSD,South Sudan,"[23.89, 3.51, 35.3, 12.25]",,,,,,,,,,,,,,,,,,,,,,,,,,,,,,,,,,,,,,,,,,,,,,,,,,,,,,,,
SEN,Senegal,"[-17.63, 12.33, -11.47, 16.6]",,,,,,,,,,,,,,,,,,,,,,,,,,,,,,,,,,,,,,,,,,,,,,,,,,,,,,,,
SLB,Solomon Islands,"[156.49, -10.83, 162.4, -6.6]",40.59375,40.09375,38.40625,38.6875,41,39.8125,39.5,34.6875,39.5,37.8125,41.8125,35.6875,41.5,42.5,39.09375,36.5,42,35.90625,41.09375,40,40.59375,38.90625,40.59375,42.09375,42.40625,38.09375,42.1875,38,36.40625,39.09375,38.8125,39.40625,37.6875,42.90625,36.6875,39.09375,40.40625,38.8125,41.5,39.5,44.90625,42.3125,40.5,37.6875,39.5,39.1875,37.1875,43.09375,38.59375,39.59375,36.59375,37.40625,37.59375,40.5,37.5,43
SLE,Sierra Leone,"[-13.25, 6.79, -10.23, 10.05]",43.3125,42,41.8125,41.59375,44.59375,42.6875,45.09375,41.6875,43.1875,44.09375,45.1875,42.5,47.90625,47.90625,48,44.59375,45.90625,47.59375,43.90625,45.6875,44.8125,45.90625,44.6875,44,43.59375,43.8125,49.3125,45.8125,47.40625,48,45.1875,43.6875,46.40625,44.6875,45.09375,45.1875,45.59375,43.90625,54.6875,46.09375,43.90625,46.09375,47.1875,46.90625,48.6875,46.6875,48.09375,45.3125,46.8125,47.59375,48.8125,46.3125,53,45.40625,45.1875,48.3125
SLV,El Salvador,"[-90.1, 13.15, -87.72, 14.42]",46.5,41.09375,40.59375,43.1875,40.59375,41.8125,41.59375,45.8125,43.3125,45.3125,46.59375,40.90625,43.6875,40.90625,50.40625,44,41.40625,44.59375,47.3125,44.90625,44.40625,48.1875,43.40625,43.3125,45.8125,42.8125,46.09375,44.59375,41.90625,43.6875,47.59375,42.1875,44.6875,43,42.09375,41.6875,44.1875,42.40625,45.09375,42.8125,45.59375,43.40625,42.59375,48.6875,44.59375,44.6875,44.59375,43.40625,44.1875,50.09375,44.3125,54.5,53.40625,43.40625,46.90625,45.6875
SOM,Somalia,"[40.98, -1.68, 51.13, 12.02]",51.40625,57.09375,53.5,57.40625,66.8125,62.09375,60.6875,57.1875,53.8125,48.1875,54.3125,63.5,65.8125,69.3125,64.6875,65.625,53.3125,54.8125,54,64,61.40625,62.6875,74.1875,57.6875,53.5,54.1875,60,53.1875,55.40625,56.3125,59.90625,53.8125,51,56.3125,56.90625,56.90625,66.375,60.1875,72.125,58.6875,58.3125,53.3125,56.40625,61,56.6875,53.90625,59.6875,64.125,61.40625,61.09375,53.8125,52.40625,56.8125,56.09375,67.5,60.1875
SRB,Serbia,"[18.83, 42.25, 22.99, 46.17]",48.90625,42.5,55.6875,47.59375,51.09375,45.40625,45.09375,46.6875,48.1875,45.3125,48.5,44.8125,47.09375,51.90625,50.1875,49.3125,52.59375,47.09375,51.3125,51,52.90625,48.6875,47.8125,49.90625,46.59375,48,48,52.8125,56.3125,56.3125,49.1875,49.09375,51.90625,53.1875,49.59375,54.8125,51.09375,51,48.6875,51.59375,62.3125,52.5,54.5,45.3125,52,53,49.8125,51.40625,56.90625,50.5,50.09375,52,52.5,56.8125,56.3125,64.5
SUR,Suriname,"[-58.04, 1.82, -53.96, 6.03]",41.1875,39.09375,39.59375,40.5,39.90625,41.8125,40.8125,40,41.6875,42.3125,39.40625,41.90625,41.3125,41.6875,40.8125,42.59375,41.8125,40.1875,40.5,42,39.40625,41.6875,43,41.40625,42.6875,41.59375,42.3125,42.8125,40.8125,42,43.5,42.90625,41.59375,44,43,43.5,42.09375,43.5,44.09375,42.59375,42.6875,43.40625,43.3125,44.1875,43.09375,42.40625,44.59375,45.3125,45.8125,44.40625,43.6875,44.40625,44.6875,43.90625,45,45
SVK,Slovakia,"[16.88, 47.76, 22.56, 49.57]",44.40625,44.8125,49.8125,47,48.5,44.59375,43.1875,46.1875,48.3125,53,49.5,48.1875,46.59375,47.6875,48.40625,45.1875,44,46.6875,45.90625,47.09375,48,50.3125,46,52.3125,45.59375,44.6875,46.6875,48.1875,53.6875,56.5,47.6875,49.5,48,47.40625,49.1875,54,56.3125,49,53.3125,44.59375,51.09375,51.1875,52.59375,41.6875,53.3125,46.1875,54.09375,49.40625,49.8125,50.3125,48.5,47.3125,58.59375,50.3125,49.3125,52.59375
SVN,Slovenia,"[13.7, 45.45, 16.56, 46.85]",41.5,40.40625,46.6875,44,48.6875,45.90625,42.90625,45.09375,40.40625,43.8125,45.59375,40.5,46.5,44,48.09375,43.59375,41.09375,41.8125,45.09375,47.3125,43.3125,45.1875,45.6875,45.90625,43.3125,45.09375,49,46,48.6875,48.3125,47.3125,47.40625,47.8125,46.5,47.1875,49.1875,47.8125,50.1875,48.8125,46.09375,47.40625,46.40625,48.09375,43.6875,47.09375,46.6875,43.40625,48,49.90625,48.6875,47.8125,48.5,50.59375,50.90625,47.90625,52
SWE,Sweden,"[11.03, 55.36, 23.9, 69.11]",30.203125,36.09375,39,36.59375,33.09375,32,33.59375,30.796875,33.8125,34.6875,39.8125,33.90625,38.5,40.09375,29.40625,35.8125,35.5,35.40625,39.09375,34.90625,36.90625,39.6875,34.59375,37.3125,39.59375,35.1875,37.8125,34.5,38,42.90625,38.8125,35.59375,38.8125,44.90625,37.6875,42,43.6875,44.09375,41.8125,39.3125,40.6875,33.59375,42.90625,33.90625,40,38.3125,37.1875,37,39.1875,42.40625,42.09375,41.09375,40.90625,41.3125,41.09375,45.1875
SWZ,Swaziland,"[30.68, -27.29, 32.07, -25.66]",44.59375,43.40625,44.5,45.6875,43.6875,45.6875,44.40625,44.59375,45.1875,44.8125,48.09375,47.8125,43.6875,44.1875,44.8125,44.8125,42.3125,44.5,44.90625,44.1875,47.59375,45.90625,45.3125,43.1875,45.6875,44.5,45.59375,42.6875,45.8125,43.6875,46.40625,44.59375,47.8125,44.09375,45.40625,46.6875,47.59375,47.1875,50.6875,46.8125,45.40625,46.8125,47.6875,49.59375,48.40625,49.09375,46.3125,48.40625,50,46.1875,47.90625,46.6875,49.90625,48.8125,48,50.59375
SYR,Syria,"[35.7, 32.31, 42.35, 37.23]",53.59375,48.1875,49.8125,50.09375,57.6875,51.40625,49.8125,62.09375,63.59375,50.6875,50.5,52.1875,52.59375,58.59375,51.40625,50.3125,52.09375,57.1875,52.5,54.40625,50.6875,52,76.3125,51.90625,52.8125,50.1875,55.09375,60.8125,50.5,71.1875,54.3125,53,59,53.90625,56.5,53.6875,55.09375,60.3125,64.5,74,52.40625,54.90625,55.09375,54.90625,61.09375,67.6875,53.6875,61.5,57.5,63.5,62.59375,55,54.8125,53.6875,58.09375,56.40625
TCD,Chad,"[13.54, 7.42, 23.89, 23.41]",,,,,,,,,,,,,,,,,,,,,,,,,,,,,,,,,,,,,,,,,,,,,,,,,,,,,,,,
TGO,Togo,"[-0.05, 5.93, 1.87, 11.02]",56.8125,53.90625,50.3125,54.90625,54.6875,55.09375,56.6875,50.1875,55.09375,56.59375,51.1875,50.8125,52,50,52.1875,53.5,54.1875,52.5,54.90625,52.59375,51.59375,59.3125,59.40625,50,54.1875,54.1875,56.6875,54.5,56,57.6875,53.8125,54.90625,59.1875,53.09375,58,53.09375,54,53.1875,55.6875,57.90625,55.90625,58.8125,61.40625,50.40625,58.3125,55.3125,58.3125,55.3125,58.90625,53.90625,55.90625,59.40625,58.40625,59,55.40625,53.8125
THA,Thailand,"[97.38, 5.69, 105.59, 20.42]",51.09375,56.1875,53.40625,50.09375,52.6875,52.09375,55.1875,59.5,53.09375,54.40625,57.59375,67.625,60.6875,57.6875,54.3125,50,53.5,53.6875,52.5,62.59375,50.5,56.5,71.625,47.1875,52.90625,51.3125,53.40625,49.09375,50.09375,56.1875,57,49,61.90625,57.1875,55.59375,62.1875,53.8125,59.40625,56,62,55,56.40625,57.40625,55.09375,52.3125,52.5,58.6875,57.40625,61.90625,60.40625,51.90625,57.59375,60.3125,57,59.90625,61.1875
TJK,Tajikistan,"[67.44, 36.74, 74.98, 40.96]",54.3125,48.6875,51.1875,50.3125,49.8125,49,48.6875,48.59375,46.59375,49.5,50.6875,49.90625,49.40625,47.6875,48.5,49.90625,50.40625,50.1875,55.6875,49.1875,50.1875,50,50.1875,53.1875,51,50.8125,51.8125,49.90625,50.1875,51.90625,60.40625,50.40625,61.8125,50,48.8125,56.40625,49.5,51,50.5,51.1875,51.8125,53.3125,53.3125,54.09375,51.90625,53.1875,53.40625,55.90625,52.8125,52.8125,50.5,55.59375,52.40625,52.40625,58,53.6875
TKM,Turkmenistan,"[52.5, 35.27, 66.55, 42.75]",50.40625,52.90625,51.90625,51.3125,52.1875,51,50.40625,50.5,49.5,50.6875,52.3125,56.59375,53.90625,67,49.90625,63.3125,52.8125,52,55.6875,52.40625,53.8125,62,53.09375,53.90625,53.09375,52.90625,53.59375,57.90625,52.59375,54.8125,60.40625,52.5,54.6875,65.1875,53.6875,56.40625,53.3125,56.40625,63.09375,55,55.1875,54.8125,81,55.40625,55.8125,55.3125,61,57.6875,67,54.3125,54.6875,57.09375,57.90625,56.8125,76.3125,56.90625
TLS,East Timor,"[124.97, -9.39, 127.34, -8.27]",44,43,37.5,39.8125,38.09375,38.6875,38.1875,41.40625,39,38.1875,40,38.59375,38.5,42.5,42.5,37.6875,38.40625,41.40625,41.90625,48.90625,38.40625,38.8125,43.1875,37.8125,42.8125,38.40625,38.6875,39.3125,39,41.40625,39.6875,38.59375,41.40625,40.09375,38.90625,39.40625,40,42.59375,39.90625,43.09375,39.5,39.5,39.8125,39.40625,42.90625,41.90625,41,43.90625,41.3125,43.40625,42.3125,41.40625,42.59375,45.09375,40.5,44.40625
TTO,Trinidad and Tobago,"[-61.95, 10.0, -60.9, 10.89]",35.6875,34.5,35.09375,35.8125,34.59375,35.6875,35.09375,34.59375,36,36.40625,34.90625,35.8125,36.6875,35.90625,35.40625,36.1875,36.3125,34.59375,36.1875,37.5,35.59375,36.59375,37.8125,34.90625,37.59375,36.59375,37.09375,37.09375,35.1875,37.5,36.59375,37.1875,35.3125,37.5,38.40625,37.09375,36.59375,37.3125,38.5,36.6875,37.40625,37.59375,38.40625,38,37.5,36.59375,38.09375,38.1875,38.1875,37.90625,37.59375,37.5,37.8125,37.90625,37.6875,39.90625
TUN,Tunisia,"[7.52, 30.31, 11.49, 37.35]",50.6875,49.40625,49.3125,53.59375,54.90625,50.6875,49.09375,54.5,50,48.6875,49.09375,56.90625,49.09375,50.6875,50.90625,49.3125,52.59375,51.1875,51,50.09375,50.90625,52.09375,51.8125,49.09375,53.09375,50,50.09375,52,50.6875,55,53.09375,59.8125,51.90625,54.40625,53.3125,52,51.5,68.625,53,54,62.8125,51.6875,54.3125,54,53.3125,51.3125,58.1875,60.90625,57.8125,55.59375,53.59375,53.09375,54.6875,53.09375,54.1875,54.59375
TUR,Turkey,"[26.04, 35.82, 44.79, 42.14]",53.59375,48.59375,49.90625,56.8125,57.6875,54.6875,51.3125,62.09375,63.59375,51,50.8125,58.59375,52.8125,58.59375,55.1875,50.90625,52.8125,57.1875,57.09375,54.59375,54.40625,55.90625,76.3125,51.90625,52.6875,57.09375,55.09375,57.40625,52.59375,71.1875,54.40625,53.59375,59,54.40625,53.6875,53.8125,53.40625,60.3125,54,74,53.1875,55.3125,53.90625,55,61.09375,67.6875,53.90625,61.5,56,63.5,55.8125,55.59375,60.6875,56,58.09375,59.59375
TWN,Taiwan,"[120.11, 21.97, 121.95, 25.3]",42.3125,45.90625,44.59375,48.3125,48.1875,42,38.09375,36.1875,45.59375,42.59375,42.1875,51.90625,36.5,37.8125,36.1875,37.5,45,42.59375,46.09375,43.5,39.5,37.6875,41.09375,41.90625,44.5,45,45.09375,39.40625,40.6875,45.1875,41.90625,45.1875,45.3125,43.6875,42.1875,44.3125,37.59375,40.90625,47,42.90625,38.6875,42,41.40625,48.09375,39.3125,40,45.90625,40.8125,42.5,42.90625,44.59375,39.5,44.90625,40.8125,42.90625,43.8125
TZA,Tanzania,"[29.34, -11.72, 40.32, -0.95]",,,,,,,,,,,,,,,,,,,,,,,,,,,,,,,,,,,,,,,,,,,,,,,,,,,,,,,,
UGA,Uganda,"[29.58, -1.44, 35.04, 4.25]",56.59375,59.6875,51.3125,52.40625,48.6875,52.5,51.90625,54.09375,50,47.90625,50.1875,49.59375,50.6875,55.59375,51.1875,53.5,48.40625,55.1875,56.09375,54.8125,50.40625,47.09375,51.40625,63.6875,54.1875,55.40625,50.8125,61.5,58.09375,52.90625,57.59375,52.09375,50.5,55.5,60.40625,53.59375,58.90625,54.90625,54.5,57.40625,62.1875,56.40625,57.90625,52.40625,50.40625,50.40625,65.5,50.59375,56.40625,54.3125,57.40625,57.3125,49.59375,56.5,57.90625,55.6875
UKR,Ukraine,"[22.09, 44.36, 40.08, 52.34]",48.90625,51,54.09375,54.59375,61.1875,53.5,49.5,48.3125,49.1875,49.40625,52.6875,56,49.40625,49.59375,56.6875,53.6875,47,51.1875,52.5,52.90625,52.90625,59.59375,48.09375,57.6875,61,49.8125,51.40625,51.3125,56.3125,57,53.3125,51.3125,56,56.6875,59.40625,58.1875,56.3125,58.40625,56,62.5,54.8125,52.6875,54.5,57.8125,64.6875,51.8125,56.5,54.5,56.90625,61.3125,58,61.1875,59.40625,58.3125,57.59375,58.6875
URY,Uruguay,"[-58.43, -34.95, -53.21, -30.11]",46.5,52.90625,49.09375,50.40625,50.5,52.5,52.3125,55.59375,52.90625,46.09375,44.5,47.90625,46.90625,45.8125,46.6875,48.09375,46.40625,48.90625,45.09375,48.6875,49.3125,45.5,42.40625,53.6875,48.6875,46.40625,58.3125,48.3125,53,51.59375,53.3125,55.6875,47.8125,55.59375,52.40625,53,60.09375,49.1875,51.6875,54.6875,57,70.5,47,53.40625,48.3125,57.8125,52,55.3125,54.3125,56.3125,61.59375,49.3125,52.5,48.5,53.8125,66.8125
USA,United States,"[-125.0, 25.0, -66.96, 49.5]",,,,,,,,,,,,,,,,,,,,,,,,,,,,,,,,,,,,,,,,,,,,,,,,,,,,,,,,
UZB,Uzbekistan,"[55.93, 37.14, 73.06, 45.59]",,,,,,,,,,,,,,,,,,,,,,,,,,,,,,,,,,,,,,,,,,,,,,,,,,,,,,,,
VEN,Venezuela,"[-73.3, 0.72, -59.76, 12.16]",,,,,,,,,,,,,,,,,,,,,,,,,,,,,,,,,,,,,,,,,,,,,,,,,,,,,,,,
VNM,Vietnam,"[102.17, 8.6, 109.34, 23.35]",,,,,,,,,,,,,,,,,,,,,,,,,,,,,,,,,,,,,,,,,,,,,,,,,,,,,,,,
VUT,Vanuatu,"[166.63, -16.6, 167.84, -14.63]",,,,,,,,,,,,,,,,,,,,,,,,,,,,,,,,,,,,,,,,,,,,,,,,,,,,,,,,
N/A,West Bank,"[34.93, 31.35, 35.55, 32.53]",,,,,,,,,,,,,,,,,,,,,,,,,,,,,,,,,,,,,,,,,,,,,,,,,,,,,,,,
YEM,Yemen,"[42.6, 12.59, 53.11, 19.0]",50.09375,51.59375,59.40625,55.09375,61.3125,52.3125,50.8125,50.3125,49.8125,55.3125,50,50.59375,69.625,63.8125,52.6875,50.59375,58.1875,51.90625,50.8125,54,51.5,51.8125,67.3125,51.1875,50.90625,50.40625,52.1875,52.3125,51.3125,58.1875,55.5,54.90625,53.40625,52.3125,57.59375,72.875,53.40625,52.59375,52.59375,56,56.59375,56.09375,65.3125,59.6875,60.5,52.5,56.09375,54,54.3125,56.1875,53.8125,59,56.40625,58.59375,60.59375,69.375
ZAF,South Africa,"[16.34, -34.82, 32.83, -22.09]",57.90625,62.5,67.625,63.90625,80.3125,59.3125,59.09375,59.59375,65,64.375,64.8125,62.59375,69.375,64.6875,66.5,68.125,61.6875,64.1875,78.1875,55.90625,74.875,79.125,70.875,58.1875,68.625,61.09375,65.5,57.90625,65.5,65.3125,66.875,57.09375,59.6875,61.1875,64.1875,66.5,63,66.375,60.59375,64.375,68.3125,60.09375,59.6875,60.3125,71.125,68.375,62.90625,60.09375,76.1875,61.40625,66,70.8125,74.375,62.40625,64.3125,61.1875
ZMB,Zambia,"[21.89, -17.96, 33.49, -8.24]",53.09375,56.8125,53.8125,62.90625,53.5,56,55.40625,53.5,56.40625,54.09375,62.1875,54.90625,54.09375,54.1875,54,55.09375,49.40625,57.09375,55.3125,51.3125,52.8125,60.90625,51.8125,57.59375,58.5,61.40625,60,54.09375,54,57,59.59375,54.3125,54.40625,58.3125,58.6875,61.40625,59,53.09375,63.40625,67.375,56.09375,54.5,54.90625,58.5,56.90625,54.3125,64.625,59.6875,59.8125,59.6875,59.40625,59.40625,64.1875,66.625,70.375,57.8125
ZWE,Zimbabwe,"[25.26, -22.27, 32.85, -15.51]",57.1875,61.09375,63.90625,62.90625,56.09375,58.8125,59.09375,57,62.09375,64.375,64.8125,70.6875,54.09375,64.6875,62.59375,68.125,60,59.1875,55.3125,55.8125,74.875,60.90625,70.875,57.3125,68.625,66.1875,65.5,52.59375,57.09375,58.8125,59.59375,59.90625,58.40625,61.1875,58.1875,61.40625,61.3125,58.3125,59.90625,67.375,64.875,54.5,52.90625,64.875,59.5,65,60.90625,60.09375,62.8125,59.6875,58.6875,62.40625,68.5,66.625,70.375,65.125