ISO3,name,lat_long,2024,2025,2026,2027,2028,2029,2030,2031,2032,2033,2034,2035,2036,2037,2038,2039,2040,2041,2042,2043,2044,2045,2046,2047,2048,2049,2050,2051,2052,2053,2054,2055,2056,2057,2058,2059,2060,2061,2062,2063,2064,2065,2066,2067,2068,2069,2070,2071,2072,2073,2074,2075,2076,2077,2078,2079,2080
AFG,Afghanistan,"[60.53, 29.32, 75.16, 38.49]",0.2363,0.2499,0.2417,0.2444,0.2462,0.247,0.2419,0.2435,0.2428,0.2546,0.2448,0.2399,0.2399,0.2389,0.2467,0.2495,0.2518,0.2587,0.2481,0.2385,0.2547,0.2558,0.2466,0.2548,0.2584,0.2531,0.2658,0.2531,0.2529,0.262,0.2633,0.266,0.2569,0.251,0.2529,0.2585,0.2713,0.252,0.271,0.2752,0.2734,0.2731,0.2619,0.2867,0.2685,0.2646,0.2722,0.2721,0.2821,0.2805,0.2906,0.2835,0.2651,0.2715,0.2758,0.2876,0.2805
AGO,Angola,"[11.64, -17.93, 24.08, -4.44]",0.3146,0.3043,0.3064,0.3098,0.3089,0.3119,0.3098,0.3082,0.31,0.316,0.3093,0.3159,0.315,0.3082,0.3151,0.3158,0.3164,0.3135,0.3165,0.3153,0.3102,0.3175,0.3227,0.3189,0.3248,0.3228,0.3228,0.323,0.3225,0.3235,0.3333,0.3284,0.3247,0.3292,0.3379,0.3352,0.3282,0.325,0.3388,0.3385,0.3337,0.337,0.3383,0.3431,0.3392,0.3366,0.3421,0.3426,0.3491,0.3454,0.3442,0.3485,0.3455,0.345,0.3488,0.3554,0.3468
ALB,Albania,"[19.3, 39.62, 21.02, 42.69]",0.1911,0.1804,0.1972,0.1866,0.1897,0.1849,0.1947,0.1968,0.1943,0.1878,0.2025,0.1974,0.2071,0.2038,0.1974,0.1907,0.1973,0.1899,0.211,0.1984,0.1957,0.1955,0.1939,0.2038,0.1983,0.2003,0.2076,0.2135,0.2122,0.221,0.2108,0.2146,0.2143,0.211,0.2026,0.2161,0.2198,0.2189,0.2155,0.2141,0.2227,0.2117,0.2132,0.2021,0.2134,0.2156,0.2177,0.2254,0.2174,0.2272,0.2288,0.2212,0.2268,0.2229,0.2307,0.2246,0.2465
ARE,United Arab Emirates,"[51.58, 22.5, 56.4, 26.06]",0.3451,0.3413,0.344,0.3447,0.3513,0.3534,0.3472,0.3493,0.3508,0.3525,0.3458,0.3508,0.3546,0.3483,0.3541,0.3555,0.3548,0.3527,0.356,0.3499,0.3553,0.3582,0.3545,0.3532,0.3587,0.3569,0.3648,0.3519,0.3576,0.3626,0.3663,0.3645,0.3614,0.3609,0.3577,0.3647,0.3663,0.3673,0.3685,0.375,0.3661,0.3736,0.3681,0.3753,0.3697,0.3718,0.3689,0.3755,0.3769,0.378,0.3822,0.3839,0.3749,0.3779,0.3817,0.3818,0.3838
ARG,Argentina,"[-73.42, -55.25, -53.63, -21.83]",0.1827,0.1767,0.1768,0.1776,0.1745,0.1775,0.1819,0.177,0.1777,0.1782,0.1824,0.1762,0.178,0.1798,0.1821,0.1801,0.1813,0.1788,0.1826,0.1789,0.1767,0.1815,0.185,0.1852,0.186,0.1885,0.1817,0.186,0.1899,0.1904,0.1863,0.1897,0.1881,0.1878,0.1945,0.1934,0.1953,0.1976,0.1963,0.1984,0.1952,0.1939,0.1969,0.1933,0.2018,0.1994,0.1962,0.1986,0.1985,0.2005,0.202,0.2018,0.2012,0.2048,0.1982,0.2093,0.2076
ARM,Armenia,"[43.58, 38.74, 46.51, 41.25]",0.1639,0.1639,0.1664,0.1607,0.1713,0.171,0.1721,0.1716,0.1712,0.1591,0.1561,0.1663,0.1668,0.1687,0.1734,0.1726,0.1726,0.1687,0.1765,0.1753,0.1821,0.1853,0.184,0.1812,0.1686,0.1789,0.1947,0.1828,0.1796,0.1831,0.1715,0.1961,0.1838,0.1915,0.1855,0.1765,0.1912,0.1889,0.1882,0.1949,0.1956,0.2007,0.1976,0.1988,0.1966,0.1931,0.2026,0.1938,0.1991,0.2041,0.2079,0.2058,0.211,0.2041,0.2182,0.2133,0.221
ATF,French Southern Territories,"[68.72, -49.78, 70.56, -48.63]",0.0688,0.0681,0.0673,0.068,0.0702,0.0712,0.0734,0.0713,0.0677,0.0676,0.0713,0.0711,0.0698,0.0697,0.0696,0.0736,0.0701,0.0715,0.0762,0.0745,0.0701,0.071,0.074,0.0762,0.0755,0.0766,0.0723,0.0717,0.0776,0.0751,0.0774,0.0812,0.081,0.0787,0.0791,0.0767,0.079,0.0838,0.0819,0.0865,0.0858,0.0819,0.0859,0.0887,0.0872,0.0828,0.0818,0.0828,0.0873,0.0858,0.0819,0.0859,0.0864,0.0912,0.0883,0.0852,0.0906
AUS,Australia,"[113.34, -43.63, 153.57, -10.67]",0.2544,0.2561,0.2525,0.2566,0.2547,0.2583,0.2564,0.2551,0.2572,0.262,0.25,0.2562,0.2597,0.2607,0.2578,0.2561,0.2619,0.2595,0.2618,0.2635,0.2609,0.2626,0.2636,0.2624,0.2655,0.2677,0.2688,0.2697,0.2655,0.2666,0.2721,0.2678,0.2711,0.2692,0.2709,0.2761,0.2738,0.2743,0.2797,0.2742,0.2732,0.276,0.2786,0.2762,0.2801,0.279,0.2797,0.281,0.2829,0.282,0.282,0.2828,0.2858,0.2813,0.2839,0.2858,0.2846
AUT,Austria,"[9.48, 46.43, 16.98, 49.04]",0.125,0.1292,0.144,0.1323,0.1326,0.1254,0.1332,0.1407,0.1361,0.1339,0.1518,0.1384,0.1457,0.1396,0.1364,0.1367,0.1329,0.1365,0.1564,0.1467,0.137,0.1381,0.1384,0.1607,0.1427,0.141,0.1469,0.1549,0.1546,0.1789,0.1551,0.1528,0.1647,0.1584,0.1516,0.1653,0.1619,0.1674,0.1621,0.1605,0.1675,0.1502,0.1542,0.149,0.1686,0.167,0.1589,0.1677,0.1629,0.1718,0.1694,0.162,0.1774,0.1789,0.1704,0.1825,0.185
AZE,Azerbaijan,"[44.79, 38.27, 50.39, 41.86]",0.1804,0.1815,0.1842,0.1794,0.1896,0.1887,0.1897,0.1893,0.1912,0.1764,0.1717,0.1844,0.1848,0.1879,0.1902,0.1915,0.1918,0.1863,0.192,0.1926,0.1967,0.2051,0.2017,0.199,0.1903,0.1962,0.2093,0.2004,0.1964,0.2026,0.1908,0.2128,0.2035,0.2089,0.2013,0.1947,0.2043,0.202,0.2056,0.2124,0.21,0.2174,0.2128,0.2161,0.2132,0.2066,0.2193,0.2132,0.2172,0.2195,0.2224,0.2221,0.2269,0.2192,0.2312,0.2307,0.229
BDI,Burundi,"[29.02, -4.5, 30.75, -2.35]",0.2858,0.2705,0.2742,0.2766,0.2793,0.2816,0.2753,0.2793,0.2802,0.2811,0.2782,0.2817,0.284,0.2819,0.2861,0.2863,0.2884,0.2852,0.2838,0.287,0.2785,0.2895,0.2938,0.2893,0.2964,0.2928,0.2928,0.298,0.2912,0.2965,0.2981,0.2932,0.2957,0.2995,0.3082,0.3011,0.2971,0.2998,0.3084,0.3036,0.2994,0.3058,0.3061,0.3082,0.3031,0.3059,0.3052,0.3126,0.3175,0.3084,0.3101,0.3131,0.3083,0.3084,0.3135,0.3212,0.3106
BEL,Belgium,"[2.51, 49.53, 6.16, 51.48]",0.14,0.1518,0.1553,0.1505,0.1439,0.139,0.15,0.1545,0.1539,0.1508,0.1644,0.1601,0.1518,0.1532,0.153,0.1587,0.1538,0.1556,0.1688,0.163,0.1525,0.1533,0.1558,0.1709,0.1611,0.1558,0.1593,0.1649,0.1669,0.1868,0.1672,0.1661,0.1763,0.1705,0.1708,0.1764,0.1752,0.1697,0.1754,0.1695,0.1795,0.1636,0.1693,0.1677,0.1825,0.1811,0.1714,0.176,0.1785,0.1766,0.1779,0.1707,0.1879,0.1907,0.1735,0.1907,0.1837
BEN,Benin,"[0.77, 6.14, 3.8, 12.24]",0.3632,0.3568,0.3521,0.3598,0.3551,0.3607,0.3604,0.3557,0.3607,0.3613,0.3584,0.3613,0.3635,0.3615,0.3648,0.3678,0.3685,0.3625,0.364,0.3622,0.3615,0.3669,0.3731,0.3658,0.3751,0.3738,0.3727,0.3733,0.3745,0.3724,0.3757,0.3734,0.3749,0.3733,0.3835,0.3856,0.3748,0.3847,0.3871,0.3804,0.3758,0.3849,0.3882,0.3898,0.3888,0.3816,0.3869,0.3884,0.3883,0.3864,0.3892,0.3926,0.3865,0.3856,0.3935,0.3969,0.3885
BFA,Burkina Faso,"[-5.47, 9.61, 2.18, 15.12]",0.3859,0.3779,0.3736,0.3826,0.3777,0.385,0.3837,0.3783,0.3852,0.3832,0.3789,0.3842,0.3875,0.3827,0.3866,0.3913,0.3914,0.3863,0.3881,0.3865,0.3832,0.3911,0.3978,0.386,0.4,0.3987,0.3944,0.3945,0.3958,0.3944,0.3995,0.3967,0.3963,0.3982,0.408,0.412,0.399,0.4069,0.4108,0.4068,0.3989,0.4084,0.4133,0.4157,0.4155,0.4039,0.4108,0.4125,0.4137,0.4126,0.4141,0.4182,0.4111,0.4096,0.421,0.423,0.4144
BGD,Bangladesh,"[88.08, 20.67, 92.67, 26.45]",0.3078,0.3046,0.3034,0.3103,0.3077,0.3043,0.3051,0.3073,0.3065,0.3026,0.3035,0.3074,0.3103,0.3049,0.3071,0.3105,0.3104,0.3102,0.3099,0.3062,0.311,0.312,0.3083,0.3094,0.3173,0.3144,0.3251,0.3255,0.3261,0.3234,0.3187,0.3254,0.3163,0.3174,0.3253,0.3247,0.3191,0.3198,0.3308,0.3283,0.3287,0.3263,0.3252,0.3281,0.3368,0.3258,0.3367,0.3348,0.3304,0.3364,0.3389,0.3387,0.3357,0.3336,0.3435,0.3331,0.335
BGR,Bulgaria,"[22.38, 41.23, 28.56, 44.23]",0.1902,0.1766,0.2035,0.1861,0.1905,0.1773,0.1956,0.1992,0.1946,0.1856,0.1933,0.2007,0.2067,0.204,0.195,0.1876,0.1992,0.188,0.2067,0.1971,0.1959,0.1973,0.1914,0.2009,0.1976,0.1993,0.2119,0.218,0.215,0.222,0.2108,0.2161,0.2181,0.2166,0.2085,0.2138,0.2224,0.2168,0.2156,0.2162,0.2241,0.2126,0.217,0.2,0.21,0.2135,0.2203,0.2295,0.2238,0.2257,0.2342,0.223,0.2328,0.2203,0.2382,0.229,0.252
BHS,Bahamas,"[-78.98, 23.71, -77.0, 27.04]",0.2728,0.2716,0.2756,0.2738,0.2794,0.2734,0.2732,0.2752,0.2796,0.2724,0.276,0.2756,0.2769,0.2846,0.283,0.2784,0.2768,0.2806,0.2777,0.2777,0.2802,0.2836,0.2762,0.283,0.2801,0.2867,0.291,0.2847,0.2836,0.2902,0.2859,0.2882,0.2898,0.29,0.2918,0.2878,0.2904,0.2976,0.2927,0.2919,0.2944,0.2956,0.2895,0.291,0.2929,0.3008,0.3003,0.2976,0.2957,0.3036,0.2989,0.303,0.3036,0.3046,0.3026,0.2966,0.3021
BIH,Bosnia and Herzegovina,"[15.75, 42.65, 19.6, 45.23]",0.1758,0.1654,0.1899,0.1736,0.1731,0.168,0.1839,0.1858,0.1813,0.1788,0.1951,0.1834,0.1949,0.1898,0.1864,0.1793,0.1783,0.1769,0.199,0.1868,0.183,0.1832,0.1805,0.1963,0.1859,0.1848,0.1956,0.2048,0.2039,0.2164,0.2023,0.1977,0.2049,0.2031,0.1922,0.2078,0.2089,0.2108,0.2056,0.2024,0.2116,0.1984,0.2002,0.1881,0.2033,0.203,0.2038,0.2161,0.2068,0.2163,0.2179,0.2098,0.2205,0.2155,0.2203,0.2177,0.2372
BLR,Belarus,"[23.2, 51.32, 32.69, 56.17]",0.1214,0.1142,0.1511,0.1249,0.1262,0.1154,0.1307,0.1362,0.1303,0.1256,0.1385,0.1383,0.1448,0.1377,0.1331,0.131,0.1304,0.1359,0.1299,0.1403,0.1341,0.1345,0.1391,0.1469,0.1375,0.124,0.1486,0.1462,0.1495,0.1729,0.148,0.1455,0.1556,0.1593,0.154,0.1513,0.1496,0.1511,0.1544,0.1552,0.1544,0.1369,0.162,0.1438,0.1568,0.1625,0.1525,0.1516,0.1576,0.1638,0.1626,0.1643,0.1739,0.1637,0.1786,0.1769,0.1683
BLZ,Belize,"[-89.23, 15.89, -88.11, 18.5]",0.3081,0.2972,0.2948,0.3013,0.3084,0.3087,0.3059,0.3036,0.3103,0.3027,0.3,0.3086,0.3118,0.318,0.3171,0.3154,0.3113,0.3146,0.3103,0.3113,0.309,0.3171,0.3166,0.3084,0.314,0.3199,0.3176,0.3156,0.3156,0.323,0.3264,0.3212,0.3194,0.3237,0.3257,0.3298,0.322,0.3344,0.3322,0.3323,0.327,0.335,0.3349,0.3334,0.3299,0.3326,0.3368,0.3412,0.3295,0.3403,0.3374,0.3431,0.3416,0.3423,0.341,0.3488,0.3403
BOL,Bolivia,"[-69.59, -22.87, -57.5, -9.76]",0.2818,0.276,0.2802,0.2871,0.2867,0.2914,0.2951,0.2815,0.2935,0.2959,0.281,0.2936,0.2961,0.2862,0.2883,0.2967,0.2923,0.2814,0.2987,0.2931,0.2895,0.2906,0.2968,0.2907,0.2977,0.3049,0.2985,0.3117,0.3024,0.307,0.3086,0.3003,0.3043,0.3189,0.3153,0.315,0.3021,0.3113,0.3201,0.3132,0.3045,0.3091,0.3224,0.3137,0.3225,0.3147,0.3154,0.3309,0.3314,0.3238,0.3311,0.3312,0.3343,0.3313,0.3211,0.3432,0.3257
BRA,Brazil,"[-73.99, -33.77, -34.73, 5.24]",0.2845,0.2776,0.2807,0.2875,0.2831,0.2897,0.2902,0.2836,0.2911,0.292,0.2813,0.2936,0.295,0.2878,0.2898,0.2954,0.2921,0.2851,0.2954,0.2948,0.2877,0.2897,0.2961,0.2913,0.2979,0.3018,0.2973,0.3033,0.2989,0.2996,0.3058,0.3,0.3014,0.3107,0.3095,0.3101,0.3033,0.3084,0.3136,0.3093,0.3036,0.3081,0.316,0.3134,0.3172,0.3107,0.3138,0.3221,0.3254,0.3195,0.3223,0.3216,0.3231,0.3223,0.3185,0.3311,
BRN,Brunei,"[114.2, 4.01, 115.45, 5.45]",0.3037,0.2964,0.2957,0.3006,0.2981,0.3007,0.3029,0.298,0.3012,0.3064,0.2969,0.3027,0.3057,0.2992,0.3031,0.3046,0.3081,0.3035,0.3017,0.3058,0.2997,0.3054,0.3089,0.3033,0.3117,0.3134,0.3073,0.3135,0.3092,0.3083,0.3193,0.3103,0.3119,0.3142,0.3181,0.3258,0.312,0.3164,0.3226,0.3191,0.3178,0.3198,0.3237,0.3227,0.3289,0.3218,0.3222,0.3296,0.3283,0.3275,0.3268,0.3297,0.3283,0.3266,0.3285,0.3375,0.326
BTN,Bhutan,"[88.81, 26.72, 92.1, 28.3]",0.1658,0.1652,0.1613,0.169,0.1685,0.1644,0.1663,0.1697,0.1655,0.1689,0.1679,0.167,0.17,0.1664,0.1686,0.1711,0.1707,0.1785,0.171,0.169,0.1758,0.1726,0.1731,0.176,0.1749,0.1749,0.1805,0.1859,0.1876,0.1855,0.1836,0.1856,0.1834,0.1769,0.1865,0.1857,0.1877,0.1823,0.1913,0.1887,0.1919,0.1876,0.191,0.1876,0.1967,0.1882,0.1929,0.1956,0.1909,0.1946,0.1962,0.1998,0.1968,0.1979,0.197,0.2011,0.2007
BWA,Botswana,"[19.9, -26.83, 29.43, -17.66]",0.317,0.3155,0.3109,0.317,0.3083,0.3143,0.3092,0.3099,0.3041,0.3168,0.3103,0.3238,0.3171,0.3164,0.3203,0.3223,0.3212,0.3171,0.3173,0.3146,0.3121,0.3176,0.3281,0.3271,0.3262,0.3289,0.3339,0.3261,0.3298,0.3229,0.3404,0.335,0.3301,0.3373,0.3425,0.3459,0.3268,0.3286,0.3573,0.3537,0.3398,0.3373,0.3446,0.3543,0.3499,0.3434,0.3466,0.3431,0.3496,0.3505,0.3478,0.3606,0.3545,0.3553,0.3592,0.3563,0.3519
CAF,Central African Republic,"[14.46, 2.27, 27.37, 11.14]",0.3526,0.3425,0.3364,0.345,0.3425,0.3448,0.3411,0.3439,0.3485,0.3497,0.3477,0.3497,0.3491,0.3452,0.3525,0.3521,0.3562,0.3489,0.3502,0.3493,0.3445,0.3534,0.3596,0.3552,0.3666,0.3593,0.3623,0.3634,0.3621,0.3609,0.364,0.3629,0.3628,0.3656,0.3736,0.3737,0.3646,0.3668,0.3762,0.3673,0.3632,0.3744,0.3732,0.3799,0.3762,0.3715,0.3776,0.3824,0.3835,0.3789,0.3821,0.3835,0.3761,0.3734,0.3855,0.389,0.3801
CAN,Canada,"[-141.0, 41.68, -52.65, 73.23]",0.0782,0.0783,0.0781,0.079,0.0808,0.0803,0.0833,0.0789,0.085,0.0867,0.0774,0.0812,0.0827,0.0824,0.0818,0.0827,0.0865,0.0832,0.0868,0.0869,0.0866,0.0827,0.0874,0.0851,0.0897,0.0887,0.0869,0.0919,0.0917,0.0924,0.0975,0.0953,0.09,0.0967,0.0976,0.0989,0.096,0.0904,0.0971,0.1002,0.0967,0.0965,0.1036,0.0975,0.1034,0.0984,0.1011,0.1036,0.1075,0.1073,0.1073,0.1053,0.1079,0.1068,0.1053,0.1189,
CHE,Switzerland,"[6.02, 45.78, 10.44, 47.83]",0.1239,0.131,0.1387,0.1311,0.1325,0.1294,0.1315,0.1406,0.1372,0.134,0.1491,0.1357,0.1422,0.1387,0.1357,0.1419,0.1321,0.1387,0.158,0.1439,0.1359,0.1404,0.138,0.1626,0.1444,0.143,0.1442,0.1516,0.152,0.174,0.1557,0.1561,0.1654,0.1569,0.1552,0.1681,0.1635,0.1671,0.1626,0.1623,0.1685,0.1545,0.1535,0.1532,0.171,0.171,0.16,0.1704,0.1645,0.1713,0.1693,0.1634,0.179,0.1827,0.1681,0.1843,0.1852
CHL,Chile,"[-75.64, -55.61, -66.96, -17.58]",0.166,0.1577,0.1579,0.159,0.1571,0.1597,0.1622,0.1587,0.1593,0.1609,0.1642,0.1596,0.1626,0.1619,0.1669,0.1653,0.1663,0.1624,0.1624,0.1617,0.1592,0.1655,0.1698,0.1675,0.1726,0.1733,0.1657,0.1705,0.1701,0.1726,0.1732,0.1709,0.1706,0.1705,0.1808,0.1795,0.177,0.1799,0.1798,0.1778,0.1741,0.1762,0.1811,0.1789,0.1864,0.1817,0.1794,0.1838,0.1844,0.1842,0.1844,0.1842,0.1827,0.185,0.1849,0.191,0.1878
CHN,China,"[73.68, 18.2, 135.03, 53.46]",0.1788,0.1821,0.181,0.183,0.1875,0.1805,0.1878,0.1843,0.1862,0.1833,0.1858,0.1843,0.1842,0.1868,0.1859,0.1909,0.1878,0.1891,0.1888,0.1878,0.1883,0.1868,0.1892,0.1934,0.1942,0.1975,0.1963,0.1962,0.1946,0.1982,0.2036,0.2017,0.1999,0.1995,0.2024,0.2074,0.201,0.2034,0.2035,0.2049,0.2062,0.2029,0.2059,0.2106,0.2137,0.208,0.2112,0.216,0.2159,0.2177,0.2157,0.2162,0.2148,0.2158,0.2154,0.224,
,Ivory Coast,"[-8.6, 4.34, -2.56, 10.52]",0.3372,0.3297,0.3291,0.334,0.3322,0.334,0.3346,0.3322,0.3361,0.3352,0.3311,0.3376,0.3389,0.3355,0.3391,0.3424,0.3449,0.3369,0.3407,0.3385,0.3363,0.3419,0.3456,0.3399,0.3478,0.3483,0.349,0.3486,0.3483,0.3504,0.3532,0.3473,0.3485,0.3504,0.357,0.3591,0.3501,0.357,0.3603,0.3574,0.3526,0.358,0.3624,0.3631,0.3629,0.3561,0.3614,0.3644,0.3632,0.3625,0.3649,0.3663,0.3637,0.3623,0.3696,0.3737,0.3643
CMR,Cameroon,"[8.49, 1.73, 16.01, 12.86]",0.3427,0.3338,0.3284,0.336,0.3337,0.3373,0.3364,0.3333,0.3399,0.3398,0.3367,0.3395,0.3421,0.3382,0.3429,0.3437,0.3453,0.3394,0.3421,0.3413,0.3366,0.3436,0.3505,0.343,0.3522,0.3498,0.3501,0.3514,0.3509,0.3482,0.3527,0.3519,0.3509,0.3537,0.3615,0.3626,0.3529,0.3586,0.3639,0.357,0.3515,0.3607,0.3635,0.3675,0.3677,0.3589,0.3636,0.3671,0.3674,0.3647,0.3684,0.3697,0.3611,0.3621,0.3718,0.375,0.3666
COD,Congo (Kinshasa),"[12.18, -13.26, 31.17, 5.26]",0.3149,0.3044,0.3036,0.3084,0.3082,0.3101,0.3054,0.3084,0.3098,0.3138,0.312,0.315,0.3137,0.3093,0.3139,0.314,0.3185,0.3136,0.3147,0.3138,0.3089,0.3176,0.3231,0.3194,0.328,0.3218,0.3239,0.3261,0.3225,0.3249,0.3304,0.3273,0.3266,0.3302,0.3374,0.3342,0.3291,0.328,0.3384,0.3342,0.3311,0.339,0.3373,0.3426,0.3378,0.3364,0.3414,0.3451,0.35,0.3461,0.3455,0.3472,0.3433,0.3419,0.3485,0.3533,0.3466
COG,Congo (Brazzaville),"[11.09, -5.04, 18.45, 3.73]",0.3169,0.3113,0.3074,0.3139,0.3118,0.3117,0.3086,0.3128,0.3151,0.3186,0.3185,0.3195,0.3178,0.3148,0.3159,0.3165,0.3229,0.3192,0.3183,0.3177,0.3145,0.3209,0.3256,0.3225,0.3309,0.3239,0.3273,0.3287,0.3247,0.3285,0.3341,0.3334,0.3323,0.3355,0.3396,0.3392,0.3329,0.3327,0.3394,0.3353,0.334,0.3425,0.3416,0.3471,0.3409,0.3399,0.3448,0.3496,0.3536,0.3517,0.3502,0.3507,0.3451,0.3459,0.354,0.3538,0.3502
COL,Colombia,"[-78.99, -4.3, -66.88, 12.44]",0.3008,0.2928,0.2937,0.2986,0.296,0.3052,0.3052,0.2961,0.3036,0.3078,0.2956,0.3073,0.3113,0.3027,0.305,0.3136,0.3113,0.3008,0.306,0.3077,0.3002,0.3072,0.315,0.3074,0.3187,0.3183,0.318,0.3223,0.3129,0.3182,0.3251,0.3178,0.319,0.3287,0.3274,0.3304,0.3187,0.3292,0.3379,0.326,0.3259,0.3301,0.3336,0.3358,0.3332,0.3269,0.3366,0.3389,0.3443,0.3406,0.3375,0.3417,0.3434,0.3416,0.3432,0.3518,0.3358
CRI,Costa Rica,"[-85.94, 8.23, -82.55, 11.22]",0.2919,0.2823,0.2864,0.2908,0.2864,0.2942,0.2915,0.2874,0.2941,0.2917,0.2886,0.2977,0.2967,0.2919,0.2956,0.2996,0.297,0.2896,0.2947,0.2946,0.2895,0.2956,0.2989,0.2937,0.3053,0.3027,0.302,0.3016,0.2984,0.3055,0.3086,0.3015,0.3021,0.3071,0.3123,0.3111,0.3035,0.3111,0.3111,0.3072,0.3038,0.31,0.3122,0.3155,0.3131,0.3083,0.3146,0.3157,0.316,0.3165,0.316,0.3196,0.3151,0.3164,0.3232,0.3236,0.3145
CUB,Cuba,"[-84.97, 19.86, -74.18, 23.19]",0.2932,0.2921,0.2928,0.2935,0.296,0.2926,0.2933,0.2944,0.2992,0.2943,0.2943,0.2945,0.2963,0.3022,0.3011,0.2993,0.2956,0.2989,0.2983,0.2965,0.2988,0.302,0.2979,0.3001,0.3003,0.3056,0.3096,0.3039,0.3039,0.3073,0.3057,0.3069,0.3085,0.3089,0.3117,0.3089,0.3091,0.3143,0.3131,0.3119,0.3138,0.3152,0.311,0.3122,0.3126,0.3173,0.319,0.3169,0.3152,0.3223,0.3187,0.3226,0.322,0.3225,0.3213,0.3177,0.3211
CYP,Cyprus,"[32.26, 34.57, 34.0, 35.17]",0.2408,0.2329,0.2403,0.2393,0.2397,0.2395,0.2418,0.2384,0.2396,0.2335,0.2389,0.2428,0.2485,0.242,0.2438,0.2379,0.2429,0.2366,0.2462,0.2411,0.2424,0.2495,0.2475,0.2436,0.2367,0.2451,0.2511,0.2518,0.2529,0.2488,0.2501,0.2533,0.2453,0.2538,0.2465,0.2512,0.2601,0.2536,0.2531,0.2584,0.2597,0.2554,0.2579,0.2537,0.256,0.2551,0.2571,0.2533,0.2565,0.2603,0.2639,0.2621,0.2623,0.2588,0.2681,0.2616,0.2716
CZE,Czech Republic,"[12.24, 48.56, 18.85, 51.12]",0.1326,0.1358,0.1545,0.1389,0.1398,0.127,0.1432,0.1501,0.1424,0.1413,0.1604,0.1517,0.1538,0.1481,0.1444,0.143,0.1415,0.1424,0.1591,0.1562,0.1457,0.1454,0.1459,0.1675,0.1503,0.1449,0.1573,0.1644,0.1654,0.191,0.1636,0.1599,0.1705,0.1687,0.1607,0.1693,0.1662,0.1727,0.1697,0.1696,0.1737,0.1563,0.1642,0.1538,0.1737,0.1733,0.1668,0.1742,0.1697,0.1769,0.1771,0.1693,0.1852,0.1858,0.1802,0.1894,0.1909
DEU,Germany,"[5.99, 47.3, 15.02, 54.98]",0.1261,0.1321,0.144,0.1329,0.1312,0.1228,0.1351,0.1395,0.1375,0.1349,0.1507,0.1441,0.142,0.1392,0.1376,0.1409,0.1376,0.1385,0.1517,0.1476,0.138,0.1389,0.1401,0.1582,0.1448,0.1392,0.1466,0.1527,0.1537,0.1774,0.1534,0.1524,0.161,0.157,0.1547,0.1604,0.1585,0.1592,0.1612,0.1573,0.1634,0.1484,0.1553,0.1501,0.1668,0.1667,0.1583,0.1625,0.1622,0.1665,0.1632,0.1594,0.1737,0.1754,0.1653,0.1786,0.1737
DJI,Djibouti,"[41.66, 10.93, 43.32, 12.7]",0.3523,0.3524,0.3497,0.3532,0.3542,0.357,0.3556,0.3537,0.3555,0.3595,0.3554,0.3545,0.3593,0.3581,0.3595,0.3609,0.3623,0.3627,0.3602,0.3611,0.3597,0.3617,0.3638,0.3627,0.3663,0.3679,0.3669,0.3631,0.3682,0.3668,0.3716,0.37,0.3694,0.3652,0.3738,0.3756,0.3728,0.3755,0.3773,0.3787,0.3764,0.3754,0.3745,0.3739,0.3791,0.3802,0.3782,0.3837,0.3821,0.3831,0.3839,0.3834,0.3826,0.3818,0.3829,0.3912,0.3853
DNK,Denmark,"[8.09, 54.8, 12.69, 57.73]",0.108,0.1111,0.13,0.1139,0.112,0.1043,0.1163,0.1179,0.1199,0.1137,0.1247,0.1241,0.1175,0.117,0.1241,0.1216,0.1247,0.1224,0.1235,0.1261,0.1194,0.1177,0.1183,0.1317,0.1288,0.1187,0.1286,0.1324,0.1288,0.1473,0.1296,0.1297,0.139,0.1323,0.1361,0.1338,0.1334,0.1326,0.137,0.1292,0.1353,0.1247,0.1333,0.1293,0.1419,0.1396,0.1357,0.1328,0.1408,0.139,0.1316,0.1386,0.1437,0.1431,0.1403,0.1488,0.1399
DOM,Dominican Republic,"[-71.95, 17.6, -68.32, 19.88]",0.2928,0.293,0.293,0.2936,0.2952,0.2959,0.2965,0.2942,0.2987,0.2975,0.2949,0.2958,0.2993,0.2997,0.3002,0.3022,0.2982,0.2973,0.2999,0.2984,0.2953,0.3028,0.3022,0.2983,0.3029,0.3059,0.3099,0.3071,0.3045,0.3073,0.309,0.3081,0.3054,0.3115,0.3142,0.3131,0.3107,0.3126,0.3167,0.3144,0.3133,0.3143,0.3153,0.3161,0.3134,0.3147,0.3198,0.3203,0.3161,0.3231,0.3212,0.3228,0.325,0.3217,0.3216,0.3238,0.323
DZA,Algeria,"[-8.68, 19.06, 12.0, 37.12]",0.3051,0.3093,0.3013,0.3113,0.3093,0.3135,0.3083,0.3097,0.3119,0.3143,0.308,0.3133,0.3182,0.315,0.3107,0.3142,0.3133,0.3125,0.3211,0.3105,0.3128,0.3122,0.323,0.3149,0.3209,0.3199,0.3185,0.3176,0.3171,0.3223,0.3258,0.3314,0.3231,0.3223,0.3217,0.3373,0.3278,0.3285,0.3366,0.333,0.3298,0.3349,0.3378,0.3408,0.3383,0.3291,0.3408,0.3366,0.3391,0.3466,0.3363,0.3378,0.3371,0.3378,0.345,0.3471,
ECU,Ecuador,"[-80.97, -4.96, -75.23, 1.38]",0.2807,0.2702,0.2738,0.2791,0.2739,0.284,0.2841,0.2757,0.2825,0.2856,0.2749,0.2865,0.289,0.2796,0.2834,0.2934,0.2909,0.2785,0.2851,0.2866,0.279,0.2862,0.2952,0.2844,0.2976,0.2973,0.2956,0.302,0.2915,0.2987,0.3057,0.2951,0.2978,0.3079,0.3071,0.3092,0.2973,0.3083,0.3161,0.3041,0.3028,0.3083,0.3118,0.3145,0.3129,0.3057,0.3156,0.3174,0.3242,0.319,0.3156,0.3208,0.3217,0.3186,0.3229,0.331,0.3138
EGY,Egypt,"[24.7, 22.0, 36.87, 31.59]",0.3111,0.2976,0.3041,0.304,0.3087,0.3076,0.3125,0.304,0.3094,0.3013,0.302,0.3108,0.3125,0.3064,0.3117,0.3081,0.3099,0.3078,0.3142,0.3067,0.3105,0.3213,0.3206,0.3079,0.3086,0.3156,0.3207,0.3195,0.3191,0.3126,0.3236,0.321,0.3082,0.3212,0.3149,0.3252,0.3285,0.319,0.3233,0.332,0.3288,0.3223,0.3314,0.3296,0.3315,0.3216,0.3265,0.3231,0.3312,0.3354,0.3351,0.3331,0.3288,0.3256,0.3424,0.3347,0.3389
ERI,Eritrea,"[36.32, 12.46, 43.08, 18.0]",0.3456,0.3408,0.3374,0.3421,0.3446,0.3466,0.3449,0.3438,0.3467,0.3466,0.3415,0.3461,0.3491,0.3459,0.3489,0.3504,0.3516,0.3497,0.3513,0.351,0.3467,0.3539,0.3535,0.349,0.3573,0.3565,0.3609,0.3548,0.3599,0.3573,0.3625,0.361,0.3564,0.3576,0.3641,0.3664,0.3624,0.365,0.3676,0.3675,0.3647,0.3652,0.3657,0.3694,0.3711,0.3675,0.37,0.3731,0.3738,0.3718,0.3761,0.3769,0.3708,0.3692,0.3779,0.3812,0.3745
ESP,Spain,"[-9.39, 35.95, 3.04, 43.75]",0.1953,0.2037,0.1978,0.2073,0.2055,0.2052,0.2004,0.2108,0.2083,0.206,0.2077,0.2042,0.2045,0.2085,0.2027,0.2136,0.2065,0.2067,0.2165,0.2071,0.2036,0.2045,0.2075,0.2209,0.2118,0.2092,0.2115,0.2132,0.2117,0.2253,0.2206,0.2248,0.2279,0.2238,0.2207,0.226,0.2251,0.2259,0.2275,0.2245,0.2239,0.2281,0.2206,0.2238,0.2326,0.2274,0.2335,0.2333,0.2301,0.2281,0.2307,0.2265,0.2363,0.2392,0.2293,0.2457,0.2393
EST,Estonia,"[23.34, 57.47, 28.13, 59.61]",0.0955,0.0911,0.1222,0.0992,0.0976,0.0949,0.1066,0.106,0.1111,0.1012,0.1092,0.1108,0.1101,0.1053,0.109,0.1063,0.1091,0.1109,0.1052,0.1121,0.1031,0.103,0.112,0.1195,0.1126,0.1008,0.1225,0.1156,0.1162,0.1392,0.1171,0.1193,0.1251,0.1296,0.1281,0.1211,0.1235,0.1207,0.1244,0.1217,0.1264,0.11,0.1317,0.1192,0.13,0.1368,0.1253,0.1211,0.1301,0.1326,0.1277,0.137,0.1382,0.1332,0.1413,0.1448,0.133
ETH,Ethiopia,"[32.95, 3.42, 47.79, 14.96]",0.337,0.3317,0.3272,0.3325,0.3338,0.3361,0.3322,0.3341,0.3343,0.3369,0.334,0.3351,0.3386,0.3373,0.3401,0.3396,0.3425,0.341,0.3387,0.3406,0.337,0.3421,0.3419,0.3418,0.3499,0.3483,0.3493,0.3465,0.3507,0.35,0.3512,0.3479,0.3485,0.346,0.3542,0.3548,0.3507,0.3549,0.359,0.3567,0.3542,0.3555,0.3548,0.3579,0.359,0.3587,0.3577,0.3651,0.3636,0.3617,0.3644,0.364,0.3603,0.36,0.365,0.3691,0.3643
FIN,Finland,"[20.65, 59.85, 31.52, 70.16]",0.0683,0.0658,0.085,0.0712,0.0674,0.0694,0.0757,0.0778,0.0824,0.0724,0.078,0.0814,0.0763,0.0728,0.0825,0.0761,0.0827,0.0854,0.072,0.0756,0.0753,0.0735,0.083,0.0823,0.0826,0.0748,0.0845,0.082,0.0818,0.0973,0.0863,0.0853,0.0901,0.0866,0.0949,0.089,0.09,0.0879,0.0896,0.0889,0.0901,0.0826,0.0953,0.0924,0.0944,0.1058,0.0902,0.0867,0.0976,0.101,0.0916,0.1032,0.0988,0.0973,0.0994,0.1035,0.0932
FJI,Fiji,"[-180.0, -18.29, 180.0, -16.02]",0.2737,0.2706,0.2706,0.2731,0.2717,0.2718,0.2723,0.2712,0.2723,0.2753,0.2709,0.2766,0.2778,0.2754,0.2767,0.2776,0.2792,0.2762,0.277,0.2774,0.2751,0.277,0.2807,0.2789,0.2825,0.2849,0.2831,0.284,0.2835,0.2829,0.2879,0.2846,0.2841,0.286,0.289,0.2907,0.2867,0.2892,0.2926,0.2899,0.2875,0.2892,0.293,0.2926,0.2957,0.2934,0.2934,0.2953,0.2966,0.2955,0.2958,0.2977,0.2989,0.297,0.2988,0.3034,
FLK,Falkland Islands,"[-61.2, -52.3, -57.75, -51.1]",0.0969,0.0921,0.0862,0.0863,0.0864,0.0889,0.0877,0.0858,0.0866,0.0916,0.0939,0.0883,0.0879,0.0913,0.0878,0.0904,0.0912,0.0954,0.0921,0.091,0.0872,0.0918,0.0988,0.0921,0.0974,0.0958,0.0936,0.0951,0.0965,0.0961,0.1005,0.1019,0.0977,0.095,0.1005,0.1023,0.1042,0.1017,0.1044,0.1056,0.1008,0.0994,0.1022,0.1035,0.109,0.103,0.1007,0.1025,0.1068,0.1056,0.1043,0.1086,0.1061,0.1104,0.1087,0.1149,0.1116
FRA,France,"[-5.0, 42.5, 9.56, 51.15]",0.1536,0.1649,0.165,0.1624,0.16,0.1581,0.1622,0.1675,0.1682,0.1647,0.1743,0.1671,0.1647,0.1663,0.1636,0.173,0.164,0.1673,0.1812,0.172,0.1643,0.1657,0.1673,0.1832,0.1739,0.17,0.1715,0.1775,0.1762,0.1928,0.181,0.181,0.1898,0.1849,0.1825,0.1904,0.1866,0.1856,0.1876,0.1839,0.1917,0.1822,0.1795,0.1822,0.1937,0.1922,0.1871,0.1924,0.19,0.1892,0.1914,0.1865,0.2012,0.2028,0.1883,0.2053,0.1986
GAB,Gabon,"[8.8, -3.98, 14.43, 2.33]",0.3043,0.2999,0.297,0.3013,0.3006,0.301,0.2996,0.301,0.3028,0.305,0.3035,0.3068,0.3058,0.3041,0.3045,0.3069,0.3089,0.3069,0.307,0.306,0.3038,0.3098,0.3127,0.3084,0.316,0.3124,0.3143,0.3162,0.3123,0.3157,0.3208,0.3188,0.3176,0.3216,0.3242,0.3257,0.3191,0.3206,0.3255,0.3224,0.32,0.3278,0.328,0.3312,0.3273,0.3259,0.3294,0.3326,0.3355,0.3346,0.3347,0.3351,0.3302,0.3307,0.3384,0.3389,0.3337
GBR,United Kingdom,"[-7.57, 49.96, 1.68, 58.64]",0.1202,0.1298,0.1314,0.1271,0.1226,0.1193,0.1255,0.1246,0.1293,0.1254,0.1326,0.13,0.1244,0.1275,0.13,0.131,0.1324,0.134,0.1389,0.1362,0.1286,0.1297,0.1285,0.1377,0.1397,0.1319,0.1319,0.1387,0.1358,0.1413,0.1376,0.1379,0.1433,0.1398,0.1424,0.1451,0.1429,0.1414,0.143,0.1368,0.1452,0.138,0.1392,0.1438,0.1491,0.1456,0.1431,0.141,0.1467,0.1421,0.1436,0.141,0.1512,0.1519,0.142,0.1535,0.1464
GEO,Georgia,"[39.96, 41.06, 46.64, 43.55]",0.1593,0.1547,0.1643,0.154,0.1671,0.1609,0.1717,0.1661,0.1669,0.1495,0.1515,0.1662,0.168,0.1634,0.1665,0.1656,0.1656,0.1601,0.1683,0.1723,0.1723,0.1817,0.1781,0.1737,0.1618,0.1706,0.1865,0.1774,0.1708,0.1781,0.1666,0.1845,0.1805,0.1863,0.1796,0.1707,0.1848,0.1823,0.1797,0.1881,0.1852,0.1948,0.1917,0.1823,0.1853,0.1849,0.1908,0.1905,0.1874,0.1942,0.1964,0.1989,0.2055,0.1989,0.2133,0.2006,0.2128
GHA,Ghana,"[-3.24, 4.71, 1.06, 11.1]",0.3474,0.341,0.3392,0.3449,0.3416,0.345,0.345,0.3423,0.3454,0.3459,0.343,0.3469,0.3485,0.3458,0.3498,0.3524,0.3541,0.3468,0.3503,0.3471,0.3465,0.352,0.3566,0.3505,0.3592,0.3574,0.3576,0.3575,0.3588,0.3594,0.3618,0.3578,0.3591,0.3598,0.3668,0.3689,0.3595,0.3683,0.3709,0.3662,0.3617,0.3684,0.3719,0.3729,0.3731,0.366,0.3715,0.3733,0.3727,0.3717,0.3744,0.3755,0.3718,0.3706,0.3775,0.3823,0.3734
GIN,Guinea,"[-15.13, 7.31, -7.83, 12.59]",0.3395,0.3316,0.3323,0.3384,0.3373,0.3392,0.3381,0.3348,0.3395,0.3385,0.3344,0.3406,0.3439,0.3386,0.341,0.3454,0.3479,0.3408,0.3456,0.3435,0.341,0.3469,0.3507,0.3422,0.3506,0.3511,0.3526,0.352,0.3489,0.3517,0.3562,0.3506,0.3523,0.3542,0.3618,0.363,0.3555,0.3596,0.3638,0.3626,0.3575,0.3628,0.3658,0.3669,0.3661,0.3609,0.3648,0.3684,0.3672,0.3695,0.369,0.3711,0.3684,0.3673,0.3753,0.378,0.369
GMB,Gambia,"[-16.84, 13.13, -13.84, 13.88]",0.3677,0.3613,0.3628,0.3715,0.3707,0.3722,0.3688,0.3655,0.3665,0.3695,0.3658,0.3702,0.3742,0.3678,0.3679,0.3732,0.3777,0.3657,0.3755,0.3723,0.3691,0.3755,0.3806,0.3736,0.3812,0.3783,0.3797,0.3807,0.3748,0.3813,0.383,0.3806,0.3808,0.385,0.3876,0.3897,0.3827,0.3839,0.3929,0.388,0.3849,0.3907,0.3911,0.3979,0.3904,0.3887,0.3942,0.3937,0.3961,0.3976,0.3921,0.3966,0.3938,0.3931,0.4012,0.4027,0.3955
GNB,Guinea Bissau,"[-16.68, 11.04, -13.7, 12.63]",0.3443,0.3364,0.339,0.3451,0.3444,0.3468,0.3435,0.3406,0.3417,0.3445,0.341,0.3457,0.3485,0.3448,0.3448,0.3497,0.3538,0.3431,0.3509,0.3474,0.3445,0.3514,0.3556,0.3492,0.3558,0.3537,0.3571,0.3563,0.351,0.3563,0.3598,0.3564,0.3566,0.3593,0.3631,0.3634,0.3592,0.3615,0.3671,0.3634,0.3607,0.3659,0.3659,0.3708,0.3674,0.3635,0.3681,0.3706,0.37,0.3716,0.37,0.3708,0.3697,0.3693,0.376,0.3768,0.3697
GNQ,Equatorial Guinea,"[9.31, 1.01, 11.29, 2.28]",0.2967,0.2912,0.2913,0.2946,0.2939,0.2947,0.2944,0.2943,0.2946,0.2964,0.2953,0.2998,0.2991,0.2984,0.2988,0.3009,0.3031,0.2988,0.3002,0.2983,0.2969,0.3023,0.3055,0.2999,0.3064,0.3063,0.3078,0.31,0.3058,0.3086,0.3126,0.3089,0.3096,0.3132,0.3171,0.3164,0.3114,0.3136,0.3166,0.3145,0.3111,0.3184,0.3197,0.3203,0.3194,0.3167,0.3212,0.3228,0.325,0.3237,0.3249,0.3254,0.3224,0.322,0.3283,0.3307,0.3239
GRC,Greece,"[20.15, 34.92, 26.6, 41.83]",0.2107,0.203,0.2169,0.2077,0.2113,0.2051,0.2134,0.2139,0.2129,0.2058,0.2123,0.2156,0.2199,0.2193,0.2128,0.2074,0.217,0.2094,0.2231,0.2166,0.2133,0.2186,0.2148,0.2182,0.2148,0.2173,0.2239,0.229,0.2274,0.2296,0.2247,0.2313,0.2287,0.2271,0.2215,0.229,0.234,0.2272,0.2299,0.2309,0.2366,0.2283,0.2312,0.2236,0.2277,0.228,0.2336,0.2365,0.2338,0.2397,0.2417,0.236,0.2381,0.2334,0.2473,0.2396,0.2539
GRL,Greenland,"[-73.3, 60.04, -12.21, 83.65]",0.0188,0.0185,0.0183,0.0181,0.0201,0.0204,0.0204,0.0182,0.0196,0.0203,0.0194,0.0198,0.0213,0.0209,0.0198,0.0214,0.0228,0.0212,0.0229,0.0229,0.0234,0.0233,0.0239,0.0206,0.0228,0.0221,0.024,0.026,0.0262,0.0245,0.0237,0.0246,0.0228,0.0241,0.027,0.0267,0.0265,0.0289,0.0272,0.0269,0.0248,0.0269,0.0278,0.0301,0.0273,0.0277,0.0291,0.0312,0.0305,0.0339,0.0322,0.0314,0.0311,0.0331,0.0322,0.0329,
GTM,Guatemala,"[-92.23, 13.74, -88.23, 17.82]",0.2995,0.2889,0.289,0.2934,0.2975,0.2993,0.2951,0.2942,0.3003,0.2955,0.2939,0.3021,0.3025,0.3091,0.3092,0.3077,0.3039,0.3051,0.3008,0.3004,0.2982,0.3077,0.3064,0.3025,0.309,0.3115,0.3088,0.3061,0.3102,0.3162,0.3193,0.313,0.316,0.315,0.3211,0.3215,0.3137,0.3274,0.3228,0.3241,0.3193,0.3265,0.3298,0.3279,0.3234,0.3259,0.3298,0.3332,0.3256,0.3327,0.3328,0.3371,0.3331,0.3355,0.3344,0.3408,0.3347
GUY,Guyana,"[-61.41, 1.27, -56.54, 8.37]",0.3174,0.3087,0.3085,0.3152,0.3132,0.3271,0.3246,0.3126,0.3258,0.3283,0.3107,0.3329,0.3322,0.3214,0.3199,0.3316,0.3256,0.3174,0.3259,0.3288,0.3136,0.3252,0.3332,0.3211,0.339,0.335,0.333,0.3411,0.3287,0.3297,0.3437,0.3367,0.3335,0.3489,0.3447,0.3425,0.3347,0.3471,0.3551,0.3391,0.3383,0.3471,0.3523,0.3544,0.3503,0.3395,0.3522,0.3575,0.3665,0.3588,0.3526,0.3538,0.3555,0.3557,0.3552,0.3693,0.3505
HND,Honduras,"[-89.35, 12.98, -83.15, 16.01]",0.3021,0.2918,0.2927,0.2982,0.2952,0.303,0.2988,0.2956,0.3012,0.2998,0.2955,0.305,0.3068,0.3073,0.3086,0.3096,0.3061,0.3025,0.3028,0.3029,0.2987,0.3073,0.3102,0.3024,0.3111,0.3139,0.312,0.3096,0.3104,0.3135,0.3185,0.3146,0.3147,0.3174,0.3218,0.3214,0.313,0.3221,0.3242,0.3216,0.3166,0.3236,0.3266,0.3255,0.3218,0.3218,0.3274,0.3294,0.3241,0.3313,0.3322,0.3346,0.3326,0.3338,0.335,0.3406,0.3306
HRV,Croatia,"[13.66, 42.48, 19.39, 46.5]",0.175,0.1687,0.1911,0.1756,0.1754,0.17,0.1823,0.1862,0.1832,0.1805,0.1951,0.1829,0.1929,0.1899,0.1862,0.1815,0.1794,0.1796,0.1986,0.189,0.1832,0.1836,0.1821,0.1993,0.1879,0.1842,0.1956,0.2034,0.2027,0.2184,0.2023,0.199,0.2066,0.2038,0.1941,0.2092,0.2089,0.2102,0.2069,0.203,0.2106,0.1978,0.1996,0.1907,0.206,0.2046,0.2039,0.2156,0.2064,0.2165,0.2167,0.2095,0.22,0.2168,0.2185,0.2207,0.2344
HTI,Haiti,"[-74.46, 18.03, -71.62, 19.92]",0.3013,0.3014,0.3016,0.3015,0.3028,0.3027,0.3036,0.3028,0.3072,0.3053,0.3036,0.3029,0.3063,0.3073,0.3081,0.3095,0.3045,0.3061,0.3081,0.3046,0.3039,0.3103,0.3091,0.307,0.3116,0.3132,0.3173,0.3136,0.3131,0.3152,0.316,0.3157,0.3138,0.3187,0.3216,0.3204,0.318,0.3213,0.3232,0.3224,0.3215,0.3221,0.3219,0.3239,0.3197,0.3233,0.3276,0.3261,0.3243,0.3308,0.3286,0.3304,0.331,0.3301,0.3297,0.3288,0.331
HUN,Hungary,"[16.2, 45.76, 22.71, 48.62]",0.1619,0.1573,0.1865,0.1657,0.1642,0.1539,0.1716,0.1769,0.17,0.168,0.1858,0.1748,0.1848,0.1779,0.1769,0.1704,0.1673,0.1686,0.1849,0.181,0.1717,0.1716,0.1699,0.191,0.1775,0.1724,0.189,0.197,0.1955,0.2166,0.1943,0.1863,0.1989,0.1979,0.1877,0.2001,0.198,0.2029,0.1993,0.1959,0.2019,0.1855,0.1921,0.1768,0.1963,0.1952,0.1943,0.2056,0.198,0.2067,0.2099,0.2007,0.2152,0.2083,0.2132,0.2173,0.2265
IDN,Indonesia,"[95.29, -10.36, 141.03, 5.48]",0.3006,0.2991,0.2968,0.3001,0.2969,0.2983,0.2995,0.2997,0.2971,0.304,0.3003,0.3003,0.3032,0.3006,0.3033,0.3029,0.3057,0.3061,0.3015,0.3043,0.3028,0.3031,0.3072,0.3054,0.3105,0.3127,0.3076,0.3106,0.3117,0.3078,0.3134,0.3103,0.3108,0.3127,0.3136,0.3175,0.3115,0.3148,0.3192,0.3152,0.3178,0.3162,0.3199,0.3175,0.3211,0.3194,0.3194,0.3235,0.3241,0.3216,0.3223,0.3242,0.323,0.3238,0.3247,0.3285,
IND,India,"[68.18, 7.97, 97.4, 35.49]",0.2682,0.2638,0.2637,0.2674,0.2658,0.2641,0.2668,0.2676,0.2677,0.2683,0.2676,0.2663,0.2697,0.2667,0.2697,0.2728,0.2725,0.2742,0.2702,0.268,0.2753,0.2731,0.2714,0.2725,0.2789,0.2759,0.2829,0.2826,0.2803,0.2829,0.2837,0.2807,0.2818,0.2777,0.285,0.2853,0.284,0.2797,0.2892,0.2895,0.2896,0.288,0.2876,0.2918,0.2923,0.2871,0.2911,0.2967,0.2936,0.2931,0.2989,0.2977,0.2926,0.2924,0.299,0.298,0.2989
IRL,Ireland,"[-9.98, 51.67, -6.03, 55.13]",0.1279,0.1385,0.1363,0.1348,0.1288,0.13,0.1334,0.1297,0.1366,0.1319,0.1364,0.1341,0.1289,0.1333,0.1346,0.1378,0.1392,0.1401,0.1453,0.1408,0.1344,0.1373,0.1371,0.1418,0.1465,0.1382,0.1378,0.1465,0.1422,0.1416,0.1442,0.1428,0.1475,0.1464,0.1497,0.1511,0.1479,0.1476,0.1477,0.1429,0.1528,0.1452,0.1432,0.1541,0.1552,0.1492,0.1494,0.1464,0.1533,0.1483,0.1501,0.1461,0.159,0.1564,0.1481,0.1605,0.1507
IRN,Iran,"[44.11, 25.08, 63.32, 39.71]",0.2777,0.2832,0.2776,0.2811,0.2862,0.2879,0.28,0.2826,0.2837,0.2873,0.2766,0.2793,0.2806,0.2806,0.2856,0.2888,0.2919,0.2913,0.289,0.2808,0.2909,0.2957,0.2885,0.2935,0.2919,0.2914,0.3045,0.2892,0.2948,0.298,0.2966,0.3048,0.2936,0.2955,0.2892,0.2972,0.3027,0.2955,0.3051,0.3108,0.3073,0.3089,0.3008,0.3181,0.3084,0.3059,0.3083,0.3062,0.3152,0.3162,0.3235,0.3191,0.3103,0.3126,0.3183,0.3261,0.3186
IRQ,Iraq,"[38.79, 29.1, 48.57, 37.39]",0.2936,0.2894,0.286,0.2927,0.296,0.2966,0.29,0.2946,0.2951,0.2918,0.2874,0.2929,0.2957,0.2917,0.2968,0.2945,0.3006,0.2971,0.302,0.2936,0.3025,0.3025,0.3026,0.3002,0.2931,0.3031,0.3164,0.3026,0.3089,0.3055,0.3045,0.3142,0.302,0.3119,0.3006,0.3092,0.3168,0.3086,0.3134,0.3208,0.3179,0.3154,0.3178,0.3176,0.3203,0.3162,0.316,0.3112,0.3203,0.3246,0.3322,0.3238,0.3237,0.3236,0.3321,0.3314,0.3349
ISL,Iceland,"[-24.33, 63.5, -13.61, 66.53]",0.0533,0.0634,0.0618,0.0572,0.0539,0.0583,0.0546,0.0491,0.0602,0.0615,0.06,0.0586,0.0614,0.0622,0.0615,0.0618,0.0633,0.0677,0.0672,0.0657,0.0689,0.0662,0.0667,0.0598,0.0703,0.0648,0.0638,0.0732,0.0695,0.0632,0.0686,0.0631,0.0688,0.0637,0.0751,0.0738,0.069,0.0741,0.0754,0.067,0.0706,0.0715,0.0672,0.0786,0.0724,0.0731,0.076,0.0746,0.0764,0.0831,0.0753,0.0768,0.078,0.0803,0.0754,0.0772,0.0773
ISR,Israel,"[34.27, 29.5, 35.84, 33.28]",0.271,0.2606,0.2637,0.2662,0.2697,0.2707,0.2713,0.267,0.269,0.2629,0.2641,0.2714,0.2757,0.2707,0.2728,0.2684,0.2731,0.2683,0.277,0.2693,0.2737,0.2805,0.2813,0.271,0.2668,0.2769,0.2855,0.2797,0.2824,0.2765,0.2833,0.285,0.2716,0.2835,0.2756,0.2849,0.2935,0.2837,0.2844,0.2937,0.2912,0.2854,0.2932,0.2885,0.2906,0.2837,0.2892,0.2842,0.2911,0.2953,0.2988,0.2951,0.2932,0.2892,0.303,0.2962,0.3034
ITA,Italy,"[6.75, 36.62, 18.48, 47.12]",0.1851,0.1864,0.1959,0.1883,0.1907,0.1864,0.1911,0.1963,0.1954,0.1922,0.2021,0.1948,0.2016,0.1988,0.1955,0.1943,0.1921,0.1925,0.2097,0.1986,0.194,0.1942,0.1943,0.2085,0.1985,0.197,0.2033,0.2082,0.2082,0.2204,0.2086,0.2115,0.2147,0.2102,0.2046,0.2172,0.2157,0.2155,0.215,0.2131,0.2171,0.2093,0.2091,0.2071,0.2167,0.2157,0.2153,0.2222,0.2154,0.2233,0.2222,0.2166,0.2243,0.2254,0.223,0.2285,0.2355
JAM,Jamaica,"[-78.34, 17.7, -76.2, 18.52]",0.2973,0.2957,0.2947,0.2985,0.297,0.2991,0.2992,0.2985,0.3011,0.3015,0.2971,0.2998,0.3023,0.3019,0.3022,0.3048,0.3017,0.2997,0.3038,0.3026,0.301,0.3044,0.3053,0.3001,0.305,0.3086,0.3103,0.3091,0.3073,0.3078,0.3115,0.3099,0.3094,0.3134,0.3163,0.3139,0.3108,0.3137,0.317,0.316,0.3141,0.3178,0.3177,0.3183,0.3174,0.3166,0.3204,0.3219,0.3201,0.3239,0.3214,0.3231,0.3228,0.3224,0.3218,0.3252,0.3234
JOR,Jordan,"[34.92, 29.2, 39.2, 33.38]",0.2841,0.2735,0.2725,0.2799,0.2833,0.2844,0.2818,0.2814,0.2821,0.2776,0.2764,0.2829,0.2874,0.2812,0.2854,0.2814,0.2864,0.2824,0.2903,0.2815,0.2866,0.2925,0.2949,0.283,0.2798,0.2899,0.3005,0.2892,0.2945,0.2878,0.296,0.2992,0.2853,0.2961,0.2887,0.3001,0.3061,0.2965,0.2992,0.3086,0.3038,0.2985,0.3069,0.3027,0.3055,0.2974,0.3029,0.2991,0.3072,0.3093,0.3163,0.3094,0.3072,0.3054,0.3176,0.3139,0.3168
JPN,Japan,"[129.41, 31.03, 145.54, 45.55]",0.1582,0.1638,0.1673,0.1577,0.1717,0.1635,0.1687,0.1656,0.1668,0.1616,0.1704,0.1658,0.1699,0.1697,0.1658,0.1649,0.1651,0.1652,0.1687,0.1684,0.1692,0.1654,0.1637,0.1736,0.1678,0.1753,0.1681,0.1734,0.1686,0.1762,0.1832,0.1787,0.1847,0.1816,0.1801,0.1859,0.1816,0.1848,0.178,0.1795,0.184,0.1852,0.185,0.1877,0.1888,0.1934,0.1886,0.1885,0.19,0.1982,0.1927,0.1942,0.1973,0.1964,0.1895,0.2013,
KAZ,Kazakhstan,"[46.47, 40.66, 87.36, 55.39]",0.1467,0.1471,0.1548,0.1535,0.1609,0.1489,0.1621,0.1551,0.1609,0.1524,0.1517,0.1557,0.1547,0.1686,0.1539,0.1621,0.1592,0.1571,0.1568,0.1606,0.1639,0.1709,0.173,0.1727,0.1683,0.1725,0.1733,0.1696,0.1741,0.171,0.1737,0.1835,0.1816,0.1829,0.175,0.1751,0.1747,0.1778,0.1805,0.1813,0.1782,0.1778,0.1795,0.188,0.1905,0.183,0.1971,0.2026,0.194,0.1904,0.1878,0.1935,0.2018,0.1953,0.2,0.2109,0.2002
KEN,Kenya,"[33.89, -4.68, 41.86, 5.51]",0.3237,0.3161,0.3137,0.3181,0.3182,0.3204,0.3149,0.3201,0.3152,0.3212,0.3204,0.3186,0.3223,0.323,0.3256,0.3239,0.3282,0.3291,0.3236,0.3256,0.3224,0.3252,0.3248,0.3258,0.3335,0.3318,0.3306,0.3326,0.3344,0.3364,0.3331,0.3293,0.3337,0.3301,0.3392,0.337,0.3324,0.3397,0.3444,0.3406,0.3387,0.3406,0.3409,0.3403,0.338,0.3426,0.3415,0.3499,0.3497,0.347,0.3466,0.3487,0.3432,0.347,0.3467,0.3512,0.3478
KGZ,Kyrgyzstan,"[69.46, 39.28, 80.26, 43.3]",0.1394,0.1588,0.1423,0.1491,0.1581,0.152,0.1557,0.1499,0.1559,0.1597,0.1473,0.1487,0.1453,0.1544,0.1545,0.1614,0.1534,0.1617,0.159,0.1557,0.1556,0.1617,0.1615,0.1643,0.1633,0.1693,0.1682,0.1599,0.1596,0.1676,0.1708,0.1819,0.1703,0.1693,0.1662,0.1698,0.1732,0.1699,0.1805,0.1798,0.1757,0.1767,0.1728,0.1913,0.1861,0.1756,0.1891,0.1871,0.1945,0.1869,0.1908,0.1874,0.1809,0.1867,0.1862,0.2069,0.1923
KHM,Cambodia,"[102.35, 10.49, 107.61, 14.57]",0.3337,0.3177,0.3131,0.3279,0.3166,0.3257,0.3301,0.3201,0.3204,0.331,0.3181,0.3301,0.331,0.3237,0.3275,0.3322,0.3302,0.3171,0.3248,0.3335,0.3219,0.3274,0.3356,0.3232,0.3387,0.3385,0.3295,0.3368,0.3342,0.3305,0.3422,0.3328,0.3341,0.3449,0.3444,0.3509,0.3334,0.3444,0.3494,0.3402,0.3448,0.3443,0.3496,0.349,0.3541,0.3505,0.3541,0.3531,0.3577,0.3527,0.3516,0.3605,0.3553,0.3522,0.3562,0.3619,0.3507
KOR,South Korea,"[126.12, 34.39, 129.47, 38.61]",0.1698,0.1728,0.1788,0.1671,0.183,0.1712,0.1819,0.1777,0.1785,0.1688,0.1803,0.176,0.177,0.1825,0.1769,0.1765,0.1774,0.1725,0.1832,0.1824,0.1811,0.177,0.177,0.1822,0.1812,0.1914,0.1823,0.1876,0.1795,0.1878,0.1976,0.1962,0.1956,0.1952,0.1961,0.2007,0.1928,0.2009,0.1899,0.1966,0.1985,0.1977,0.1975,0.1984,0.203,0.2016,0.2011,0.2035,0.2053,0.2112,0.2084,0.2085,0.2104,0.2118,0.2045,0.2186,0.2145
KWT,Kuwait,"[46.57, 28.53, 48.42, 30.06]",0.3382,0.3357,0.3332,0.3366,0.341,0.3423,0.3366,0.3397,0.3393,0.3399,0.3354,0.3387,0.3442,0.3372,0.3416,0.3454,0.3474,0.3456,0.3457,0.3375,0.3454,0.3483,0.3458,0.347,0.3411,0.3465,0.3602,0.3445,0.3542,0.3513,0.3482,0.3556,0.3458,0.3563,0.3444,0.3562,0.3578,0.3532,0.3566,0.3608,0.3616,0.3596,0.3567,0.3659,0.3657,0.3616,0.3569,0.358,0.364,0.3678,0.3762,0.3672,0.3664,0.3665,0.3735,0.3751,0.3764
LAO,Laos,"[100.12, 13.88, 107.56, 22.46]",0.3192,0.3008,0.2942,0.3143,0.3018,0.3093,0.3133,0.3016,0.305,0.3125,0.3024,0.32,0.3183,0.3068,0.3166,0.3196,0.3163,0.2989,0.3118,0.3219,0.3055,0.3143,0.323,0.3027,0.3234,0.3252,0.3145,0.3194,0.3187,0.3168,0.3276,0.319,0.3174,0.3308,0.3354,0.3398,0.3177,0.3264,0.3375,0.3276,0.3302,0.3339,0.3378,0.3341,0.3369,0.3338,0.3429,0.3396,0.3435,0.3437,0.3385,0.3491,0.3439,0.3447,0.3464,0.3473,0.3377
LBN,Lebanon,"[35.13, 33.09, 36.61, 34.64]",0.2468,0.2369,0.2402,0.2425,0.2453,0.2463,0.2453,0.2429,0.244,0.2381,0.2402,0.2465,0.2519,0.2462,0.248,0.2418,0.2492,0.2418,0.2524,0.2447,0.2492,0.2546,0.2556,0.2473,0.2396,0.2518,0.2606,0.2552,0.2577,0.2521,0.2568,0.2609,0.248,0.2594,0.2517,0.2599,0.2704,0.2605,0.2582,0.2686,0.2666,0.2618,0.2681,0.2627,0.2649,0.261,0.2648,0.259,0.2656,0.2701,0.2745,0.2691,0.2689,0.2659,0.2786,0.2718,0.2806
LBR,Liberia,"[-11.44, 4.36, -7.54, 8.54]",0.3072,0.3003,0.3015,0.3041,0.3054,0.3044,0.3055,0.3029,0.308,0.3053,0.3021,0.3082,0.3098,0.3068,0.3094,0.3123,0.3143,0.3075,0.3117,0.3102,0.3075,0.3131,0.3155,0.3106,0.3161,0.3171,0.3193,0.3197,0.318,0.3207,0.3223,0.3174,0.3181,0.3212,0.3258,0.3268,0.3193,0.3254,0.3283,0.3268,0.3226,0.3262,0.3301,0.3306,0.3302,0.3259,0.3302,0.3314,0.3312,0.3312,0.333,0.3339,0.3335,0.3322,0.3363,0.3418,0.3334
LBY,Libya,"[9.32, 19.58, 25.16, 33.14]",0.3037,0.2954,0.3,0.2983,0.3058,0.3039,0.3082,0.2982,0.308,0.3004,0.3006,0.307,0.3142,0.2996,0.3081,0.3034,0.3036,0.3035,0.3107,0.3052,0.3034,0.314,0.3176,0.302,0.309,0.3136,0.3105,0.3161,0.3132,0.3089,0.318,0.3165,0.3075,0.3171,0.3132,0.3274,0.3223,0.3149,0.3225,0.3264,0.3228,0.3193,0.3272,0.3284,0.3279,0.3176,0.3234,0.3207,0.3298,0.3339,0.3268,0.3321,0.3228,0.322,0.3397,0.3314,0.3338
LKA,Sri Lanka,"[79.7, 5.97, 81.79, 9.82]",0.3129,0.3058,0.3064,0.3106,0.3091,0.3089,0.3113,0.3092,0.3093,0.3143,0.3084,0.3109,0.3149,0.3141,0.3147,0.3142,0.317,0.3146,0.3132,0.3158,0.3117,0.3141,0.3176,0.316,0.3242,0.3243,0.3197,0.3226,0.3196,0.3205,0.3241,0.3199,0.3238,0.3231,0.3262,0.3291,0.3219,0.3249,0.3295,0.3278,0.3285,0.3287,0.332,0.3296,0.3351,0.3329,0.3304,0.3369,0.3372,0.3332,0.3349,0.3349,0.3338,0.3323,0.3358,0.3413,0.336
LSO,Lesotho,"[27.0, -30.65, 29.33, -28.65]",0.2347,0.2383,0.2235,0.2326,0.2221,0.223,0.2237,0.2242,0.2233,0.2249,0.2189,0.2303,0.2313,0.2351,0.2281,0.2388,0.2285,0.232,0.2438,0.2331,0.2332,0.2321,0.2498,0.2482,0.2384,0.2458,0.2545,0.2471,0.2472,0.2331,0.2443,0.252,0.2479,0.2511,0.2525,0.2613,0.25,0.239,0.2654,0.2666,0.2519,0.2498,0.2591,0.2638,0.26,0.2571,0.2572,0.2539,0.2589,0.2578,0.2712,0.2668,0.2727,0.2711,0.2725,0.275,0.2653
LTU,Lithuania,"[21.06, 53.91, 26.59, 56.37]",0.1127,0.1098,0.1418,0.1167,0.1168,0.1069,0.1216,0.1258,0.1223,0.1179,0.1309,0.1285,0.1319,0.1257,0.1244,0.1227,0.1232,0.1291,0.1243,0.1332,0.1258,0.1238,0.1276,0.1396,0.132,0.1177,0.1382,0.1366,0.1405,0.166,0.1374,0.1375,0.1465,0.1502,0.146,0.1424,0.1426,0.1414,0.1467,0.1448,0.1446,0.1267,0.1505,0.1343,0.1499,0.1553,0.1436,0.1409,0.1494,0.154,0.1494,0.1538,0.1587,0.1532,0.1659,0.1668,0.1543
LUX,Luxembourg,"[5.67, 49.44, 6.24, 50.13]",0.1327,0.1445,0.1485,0.1418,0.1374,0.1336,0.1418,0.1489,0.1489,0.1449,0.1587,0.1536,0.1479,0.1464,0.1456,0.1541,0.1458,0.1485,0.1636,0.1579,0.1475,0.1472,0.1523,0.1668,0.1566,0.1503,0.1519,0.1606,0.1627,0.1861,0.1633,0.1587,0.1729,0.1668,0.1664,0.1717,0.172,0.1676,0.1719,0.1667,0.1794,0.1575,0.1663,0.1619,0.179,0.1798,0.1675,0.1731,0.1729,0.1754,0.1739,0.1668,0.1863,0.1896,0.1714,0.189,0.1811
LVA,Latvia,"[21.06, 55.62, 28.18, 57.97]",0.1039,0.0998,0.1309,0.1066,0.1066,0.1003,0.1138,0.1142,0.116,0.1088,0.1185,0.1185,0.1197,0.1145,0.1159,0.1136,0.1161,0.1181,0.1138,0.122,0.1135,0.1122,0.1185,0.1284,0.1218,0.1083,0.1296,0.1249,0.1268,0.1509,0.1258,0.1275,0.1345,0.1388,0.1361,0.1305,0.1322,0.1296,0.1344,0.1317,0.1341,0.1173,0.1399,0.1261,0.1385,0.1446,0.1333,0.1294,0.1392,0.1423,0.1371,0.1445,0.1468,0.1418,0.1523,0.1545,0.1414
MAR,Morocco,"[-17.02, 21.42, -1.12, 35.76]",0.2776,0.2841,0.2725,0.2871,0.2831,0.2869,0.2795,0.2849,0.2808,0.2891,0.2803,0.2832,0.2846,0.2892,0.279,0.2899,0.2859,0.2822,0.2904,0.2819,0.2844,0.2841,0.2905,0.2908,0.2932,0.2919,0.2895,0.2873,0.2861,0.2953,0.298,0.3025,0.296,0.2962,0.294,0.3052,0.2989,0.2996,0.3069,0.2995,0.2986,0.3058,0.3046,0.3111,0.3083,0.2989,0.313,0.3073,0.3073,0.3118,0.3053,0.3019,0.3086,0.3109,0.3073,0.3179,0.3145
MDA,Moldova,"[26.62, 45.49, 30.02, 48.47]",0.1651,0.1551,0.1937,0.1701,0.1731,0.1518,0.1758,0.1836,0.1762,0.1665,0.1806,0.1855,0.1929,0.187,0.1758,0.1731,0.1738,0.1717,0.1824,0.1829,0.175,0.1806,0.1798,0.1892,0.1791,0.1788,0.1971,0.2001,0.1994,0.2109,0.1919,0.192,0.1991,0.2038,0.1954,0.1939,0.2001,0.2008,0.2,0.2034,0.2034,0.1948,0.2004,0.1834,0.1928,0.1992,0.2047,0.2133,0.2054,0.2094,0.2178,0.2067,0.2218,0.2119,0.2272,0.2168,0.235
MDG,Madagascar,"[43.25, -25.6, 50.48, -12.04]",0.2785,0.2777,0.2746,0.2802,0.2767,0.2793,0.2811,0.2802,0.277,0.2806,0.2756,0.2808,0.2848,0.2816,0.2828,0.2848,0.2851,0.2835,0.2821,0.2855,0.2853,0.2859,0.2886,0.2817,0.2853,0.2901,0.2885,0.2932,0.2918,0.2931,0.2961,0.2917,0.2901,0.2946,0.2971,0.3021,0.2956,0.2994,0.3025,0.3014,0.2976,0.2989,0.3025,0.3027,0.3064,0.2989,0.3021,0.3044,0.3028,0.3027,0.3003,0.3039,0.3071,0.3044,0.3059,0.3115,0.3049
MEX,Mexico,"[-117.13, 14.54, -86.81, 32.72]",0.2669,0.2671,0.2728,0.2728,0.2762,0.2709,0.2717,0.2752,0.2712,0.2714,0.2762,0.2734,0.273,0.2825,0.2778,0.2739,0.2784,0.2783,0.2765,0.2781,0.2792,0.282,0.2821,0.2832,0.279,0.2864,0.2873,0.2819,0.287,0.2889,0.2867,0.2904,0.2887,0.2908,0.291,0.2883,0.2936,0.2933,0.2866,0.2924,0.2926,0.2947,0.2939,0.2951,0.2944,0.3,0.2984,0.3021,0.2989,0.2975,0.3013,0.3021,0.2997,0.3006,0.3027,0.302,
MKD,Macedonia,"[20.46, 40.84, 22.95, 42.32]",0.1829,0.1677,0.1888,0.176,0.1795,0.1737,0.1867,0.1874,0.1836,0.1752,0.1911,0.1885,0.2008,0.1975,0.1881,0.1777,0.1903,0.1796,0.2045,0.1866,0.1866,0.1848,0.1806,0.1938,0.1905,0.1922,0.2002,0.2084,0.2063,0.214,0.2031,0.2093,0.2095,0.2052,0.1951,0.207,0.2149,0.2134,0.2082,0.2065,0.2175,0.2047,0.2064,0.1905,0.2024,0.2088,0.2123,0.2215,0.2133,0.2205,0.2259,0.214,0.2216,0.2131,0.2268,0.2168,0.2479
MLI,Mali,"[-12.17, 10.1, 4.27, 24.97]",0.3742,0.3725,0.3651,0.3765,0.3728,0.3787,0.3749,0.3724,0.3765,0.3777,0.3706,0.3765,0.3819,0.3776,0.3765,0.3834,0.3813,0.3784,0.383,0.3779,0.3771,0.3821,0.391,0.3792,0.391,0.3891,0.3857,0.3841,0.3851,0.386,0.3919,0.3931,0.3884,0.3907,0.3947,0.4052,0.392,0.3972,0.4023,0.3995,0.3939,0.4022,0.4068,0.4094,0.4062,0.3967,0.4056,0.4039,0.407,0.4093,0.4042,0.4074,0.405,0.4038,0.4131,0.416,0.4117
MMR,Myanmar,"[92.3, 9.93, 101.18, 28.34]",0.2889,0.2808,0.2787,0.2893,0.2815,0.2821,0.2858,0.2825,0.2813,0.2846,0.2831,0.2866,0.29,0.2839,0.2872,0.2907,0.2897,0.2837,0.2873,0.2905,0.2884,0.2902,0.2939,0.2864,0.2948,0.296,0.2953,0.2953,0.2984,0.2968,0.3002,0.2973,0.2951,0.2988,0.3046,0.3076,0.2954,0.3013,0.308,0.3015,0.3061,0.3064,0.3078,0.3057,0.3129,0.308,0.3131,0.3131,0.3117,0.3125,0.3135,0.3185,0.3155,0.3142,0.3189,0.3171,0.3141
MNE,Montenegro,"[18.45, 41.88, 20.34, 43.52]",0.1768,0.1645,0.185,0.1721,0.1743,0.1695,0.1824,0.1837,0.1806,0.1746,0.1909,0.1833,0.1946,0.1889,0.1858,0.1783,0.1804,0.176,0.1982,0.1842,0.1822,0.1822,0.1805,0.1918,0.1845,0.1853,0.1934,0.2012,0.1997,0.2098,0.1988,0.1979,0.2013,0.1996,0.1891,0.2035,0.2066,0.2079,0.2019,0.2001,0.2089,0.1979,0.1998,0.1873,0.2004,0.2023,0.2026,0.2126,0.2035,0.2143,0.2151,0.2084,0.2152,0.2118,0.2172,0.2117,0.234
MNG,Mongolia,"[87.75, 41.6, 119.77, 52.05]",0.1121,0.1204,0.1212,0.1202,0.1312,0.1184,0.131,0.1259,0.1292,0.1204,0.13,0.1226,0.1213,0.1302,0.1239,0.1305,0.1256,0.129,0.127,0.1301,0.1264,0.1229,0.1276,0.1405,0.1338,0.1419,0.1319,0.1331,0.1309,0.1376,0.1422,0.14,0.1397,0.1412,0.1418,0.149,0.1396,0.1501,0.1381,0.1397,0.1451,0.1355,0.142,0.1493,0.1539,0.1504,0.1483,0.1587,0.1552,0.1619,0.149,0.1523,0.1561,0.156,0.1524,0.1648,0.1623
MOZ,Mozambique,"[30.18, -26.74, 40.78, -10.32]",0.2932,0.291,0.2881,0.2925,0.2882,0.2924,0.2906,0.2895,0.2839,0.2936,0.2883,0.2958,0.2965,0.2933,0.2961,0.2973,0.294,0.2951,0.293,0.2948,0.2934,0.2939,0.3028,0.2966,0.3008,0.3041,0.3037,0.3062,0.3036,0.303,0.3095,0.3039,0.3027,0.3119,0.3136,0.3155,0.3096,0.3086,0.3204,0.3197,0.3113,0.3154,0.3166,0.3232,0.3218,0.3148,0.3186,0.318,0.3175,0.3198,0.316,0.3258,0.324,0.3179,0.3225,0.3269,0.3162
MRT,Mauritania,"[-17.06, 14.62, -4.92, 27.4]",0.3457,0.3488,0.3374,0.3532,0.3492,0.3536,0.347,0.3498,0.3473,0.3539,0.3456,0.3496,0.3536,0.3543,0.3462,0.3574,0.3546,0.3488,0.3566,0.3495,0.3499,0.3533,0.3597,0.3565,0.3621,0.3593,0.3573,0.3545,0.3556,0.3603,0.3642,0.369,0.3633,0.3654,0.3638,0.3757,0.3647,0.3686,0.3743,0.3683,0.366,0.375,0.3752,0.3825,0.3762,0.368,0.3812,0.375,0.3781,0.3811,0.3745,0.3733,0.3768,0.3783,0.3796,0.3868,0.3828
MWI,Malawi,"[32.69, -16.8, 35.77, -9.23]",0.3036,0.297,0.296,0.2986,0.2925,0.3002,0.3001,0.2967,0.2875,0.301,0.2952,0.3048,0.3045,0.2989,0.3031,0.307,0.3048,0.3017,0.301,0.3019,0.2975,0.3015,0.3133,0.3089,0.3125,0.3128,0.3118,0.317,0.3131,0.313,0.3202,0.3109,0.3104,0.3209,0.3261,0.3248,0.3215,0.321,0.3333,0.3299,0.3247,0.3282,0.3269,0.3353,0.3334,0.3281,0.3302,0.3298,0.3338,0.3302,0.3242,0.3393,0.3381,0.3286,0.3335,0.343,0.3282
MYS,Malaysia,"[100.09, 0.77, 119.18, 6.93]",0.3055,0.3013,0.3004,0.3037,0.3019,0.3038,0.3058,0.3024,0.3035,0.3069,0.3025,0.306,0.3084,0.3043,0.3082,0.3096,0.3103,0.3082,0.3065,0.3103,0.3049,0.3093,0.3124,0.3083,0.3158,0.3161,0.3127,0.3184,0.3142,0.3127,0.3198,0.3147,0.3155,0.3173,0.3206,0.3241,0.3165,0.32,0.3242,0.3217,0.3218,0.3237,0.3267,0.3254,0.3285,0.3243,0.3254,0.3309,0.3308,0.331,0.33,0.3315,0.3311,0.3303,0.3306,0.3359,0.3299
NAM,Namibia,"[11.73, -29.05, 25.08, -16.94]",0.2989,0.2921,0.2926,0.2952,0.2901,0.2927,0.2903,0.2906,0.2898,0.2954,0.2893,0.2998,0.2974,0.2954,0.3002,0.3047,0.2996,0.2959,0.3014,0.2977,0.2957,0.3008,0.3068,0.3066,0.3046,0.3065,0.3132,0.3067,0.3086,0.3042,0.3154,0.3123,0.3078,0.3121,0.3183,0.3192,0.3081,0.3083,0.3284,0.3264,0.3173,0.3158,0.3219,0.324,0.3241,0.3203,0.3229,0.3198,0.324,0.3244,0.326,0.3306,0.3296,0.3301,0.3342,0.3351,0.3282
NCL,New Caledonia,"[164.03, -22.4, 167.12, -20.11]",0.2576,0.2612,0.2524,0.2575,0.257,0.2558,0.2593,0.2604,0.2589,0.2642,0.2615,0.2598,0.2622,0.2613,0.2583,0.2588,0.2631,0.2646,0.2597,0.2632,0.2643,0.2612,0.2677,0.2646,0.2693,0.2694,0.2633,0.2672,0.2678,0.2641,0.2714,0.2675,0.2713,0.2718,0.2704,0.2791,0.2783,0.2743,0.2769,0.2736,0.2744,0.2686,0.2738,0.2752,0.2822,0.2781,0.2771,0.28,0.2791,0.281,0.2763,0.277,0.28,0.2817,0.2845,0.2834,0.2815
NER,Niger,"[0.3, 11.66, 15.9, 23.47]",0.3714,0.3607,0.3593,0.362,0.3677,0.3705,0.37,0.3608,0.3728,0.3665,0.3612,0.3672,0.375,0.3612,0.3729,0.3736,0.3696,0.3703,0.3735,0.3706,0.3657,0.3778,0.385,0.3669,0.3802,0.3826,0.3759,0.3786,0.3783,0.3722,0.3823,0.3803,0.3727,0.3834,0.3873,0.3948,0.384,0.3847,0.3905,0.3914,0.3836,0.3879,0.3966,0.3967,0.3993,0.3843,0.3907,0.3892,0.3976,0.3952,0.3944,0.4012,0.3896,0.3887,0.4054,0.4032,0.3962
NGA,Nigeria,"[2.69, 4.24, 14.58, 13.87]",0.3556,0.3464,0.341,0.3486,0.3463,0.351,0.3503,0.3449,0.3531,0.3514,0.3479,0.3513,0.3545,0.3506,0.3557,0.3574,0.3576,0.3521,0.355,0.3533,0.3494,0.3567,0.3635,0.355,0.3645,0.3633,0.3626,0.3633,0.3639,0.3601,0.3644,0.3634,0.3625,0.3644,0.3731,0.3752,0.3647,0.3722,0.3763,0.3697,0.3634,0.373,0.3767,0.38,0.3805,0.37,0.3751,0.3777,0.3778,0.3751,0.3792,0.3816,0.3728,0.3736,0.3832,0.3863,0.3775
NIC,Nicaragua,"[-87.67, 10.73, -83.15, 15.02]",0.3024,0.2916,0.2941,0.2996,0.2942,0.3039,0.2999,0.296,0.3022,0.3008,0.2964,0.3068,0.3076,0.3056,0.308,0.3099,0.3069,0.3009,0.3036,0.3037,0.2983,0.3065,0.3106,0.3027,0.3131,0.3143,0.3125,0.3109,0.3104,0.3142,0.3194,0.3136,0.3143,0.3178,0.3232,0.3221,0.3135,0.3214,0.3245,0.3206,0.3159,0.3218,0.3261,0.3261,0.3229,0.3203,0.3271,0.3281,0.325,0.3301,0.3316,0.3337,0.3309,0.3323,0.3358,0.3399,0.3293
NLD,Netherlands,"[3.31, 50.8, 7.09, 53.51]",0.1326,0.1404,0.147,0.1421,0.1351,0.1277,0.1417,0.1443,0.1425,0.1404,0.155,0.1512,0.143,0.144,0.1439,0.1473,0.1456,0.1459,0.1564,0.1522,0.1431,0.1438,0.145,0.1601,0.1509,0.1445,0.1499,0.1539,0.1563,0.1746,0.1556,0.1566,0.1633,0.1584,0.1592,0.1631,0.1629,0.159,0.1647,0.1578,0.1654,0.1522,0.1598,0.1566,0.1697,0.168,0.1604,0.1631,0.1669,0.1656,0.1656,0.1602,0.1745,0.1764,0.1635,0.1779,0.1714
NOR,Norway,"[4.99, 58.08, 31.29, 70.92]",0.0697,0.069,0.085,0.0723,0.0712,0.0703,0.0766,0.0776,0.0818,0.0745,0.0799,0.0826,0.078,0.0746,0.0845,0.0793,0.0838,0.0853,0.0774,0.0808,0.0791,0.0767,0.0825,0.0852,0.0862,0.0777,0.085,0.0851,0.0828,0.0971,0.0871,0.0857,0.0922,0.0866,0.0945,0.0903,0.0898,0.0891,0.0911,0.0887,0.0895,0.085,0.0945,0.0929,0.0958,0.1033,0.0916,0.0884,0.0984,0.0999,0.0902,0.1,0.098,0.097,0.0978,0.1019,
NPL,Nepal,"[80.09, 26.4, 88.17, 30.42]",0.1897,0.1862,0.1848,0.1895,0.1842,0.1806,0.1864,0.1892,0.1895,0.1858,0.1888,0.1845,0.1874,0.1845,0.1862,0.1912,0.1922,0.2019,0.1898,0.1817,0.1999,0.1926,0.1898,0.1956,0.1983,0.1976,0.2124,0.211,0.2064,0.2067,0.2023,0.2069,0.2072,0.195,0.2102,0.2035,0.2092,0.197,0.2174,0.2165,0.2149,0.209,0.2084,0.2149,0.2193,0.2067,0.216,0.2191,0.21,0.2148,0.2244,0.2205,0.2169,0.2179,0.2249,0.2222,0.227
NZL,New Zealand,"[166.51, -46.64, 178.52, -34.45]",0.154,0.159,0.1517,0.1583,0.16,0.1558,0.1573,0.1609,0.1605,0.1603,0.1636,0.1605,0.1595,0.1594,0.1582,0.1561,0.1577,0.1596,0.1656,0.1627,0.1693,0.169,0.1664,0.1667,0.1686,0.1682,0.1653,0.1731,0.1706,0.1669,0.1703,0.1719,0.1725,0.1666,0.1748,0.1716,0.1776,0.1759,0.1764,0.1784,0.1766,0.1704,0.1748,0.1785,0.1787,0.1785,0.1785,0.1794,0.1852,0.1841,0.1814,0.1862,0.1805,0.1816,0.1814,0.179,0.1819
OMN,Oman,"[52.0, 16.65, 59.81, 26.4]",0.3321,0.3303,0.3316,0.3333,0.3371,0.3401,0.3347,0.3347,0.3383,0.3407,0.3346,0.3366,0.3412,0.3368,0.3413,0.3429,0.3429,0.3407,0.3424,0.3382,0.3429,0.3447,0.3428,0.3417,0.3477,0.346,0.3494,0.3405,0.3448,0.3494,0.355,0.3498,0.3488,0.3471,0.3491,0.3531,0.3529,0.3547,0.3574,0.3609,0.3534,0.3596,0.3548,0.3617,0.3572,0.3592,0.3563,0.3631,0.3626,0.3644,0.3677,0.3687,0.3616,0.3646,0.3675,0.3699,0.3696
PAK,Pakistan,"[60.87, 23.69, 77.84, 37.13]",0.2749,0.2804,0.2763,0.2793,0.2799,0.2808,0.2773,0.2792,0.2789,0.287,0.2802,0.2766,0.2776,0.2756,0.2825,0.285,0.2866,0.2913,0.2832,0.2745,0.2917,0.2896,0.281,0.2868,0.2942,0.2871,0.2984,0.29,0.2882,0.2962,0.2987,0.2968,0.2929,0.2862,0.2913,0.2953,0.3035,0.2863,0.3044,0.3087,0.3059,0.3065,0.2971,0.3168,0.3018,0.2985,0.3036,0.3092,0.3134,0.3127,0.3217,0.3156,0.2994,0.3054,0.3114,0.316,
PAN,Panama,"[-82.97, 7.22, -77.24, 9.61]",0.2945,0.2855,0.2892,0.2941,0.2888,0.2967,0.2951,0.2902,0.2971,0.2954,0.2911,0.2993,0.2992,0.2944,0.2978,0.3022,0.2997,0.2927,0.2971,0.2984,0.2929,0.2989,0.3018,0.2964,0.3069,0.3053,0.3039,0.3048,0.3007,0.306,0.312,0.3044,0.3047,0.3103,0.3138,0.3137,0.3061,0.313,0.3142,0.3101,0.3063,0.3127,0.3154,0.3178,0.3162,0.3114,0.3166,0.319,0.3192,0.3188,0.3184,0.3215,0.3178,0.3179,0.3239,0.3264,
PER,Peru,"[-81.41, -18.35, -68.67, -0.06]",0.2603,0.2484,0.2536,0.258,0.2521,0.2633,0.2634,0.2535,0.2614,0.2658,0.2535,0.2664,0.2693,0.2585,0.2634,0.2712,0.2707,0.2567,0.2628,0.2651,0.2575,0.2647,0.2745,0.2637,0.2781,0.2773,0.2729,0.2808,0.2696,0.2776,0.2853,0.2732,0.2757,0.2855,0.2871,0.289,0.276,0.2872,0.2938,0.2827,0.2794,0.2846,0.2909,0.2928,0.2934,0.2838,0.292,0.2973,0.3028,0.2977,0.2946,0.2992,0.2993,0.2961,0.3016,0.3107,
PHL,Philippines,"[117.17, 5.58, 126.54, 18.51]",0.3023,0.2988,0.2925,0.3042,0.2945,0.2969,0.3003,0.2975,0.294,0.3042,0.2965,0.3009,0.3036,0.298,0.3028,0.3036,0.3073,0.303,0.3,0.3024,0.3003,0.3004,0.3063,0.2986,0.3086,0.3099,0.3029,0.3096,0.3074,0.3044,0.3124,0.3055,0.3079,0.3115,0.3141,0.3182,0.3069,0.3113,0.3169,0.3135,0.3144,0.3151,0.3172,0.3164,0.3218,0.3173,0.3174,0.3211,0.3212,0.3211,0.3202,0.3216,0.3227,0.3214,0.3201,0.3269,
PNG,Papua New Guinea,"[141.0, -10.65, 156.02, -2.5]",0.2917,0.2924,0.2901,0.2931,0.2901,0.2922,0.2921,0.2934,0.2913,0.2959,0.2929,0.2931,0.2952,0.2961,0.2967,0.2946,0.2968,0.2987,0.2953,0.2974,0.2979,0.2963,0.2998,0.2998,0.3038,0.304,0.3007,0.3029,0.3052,0.3028,0.3051,0.3053,0.3062,0.3077,0.3083,0.3078,0.3069,0.308,0.3115,0.3083,0.31,0.3097,0.3124,0.3116,0.3134,0.3126,0.3133,0.3153,0.3165,0.3169,0.3159,0.3156,0.3152,0.3174,0.3196,0.3203,
POL,Poland,"[14.07, 49.03, 24.03, 54.85]",0.1268,0.1269,0.152,0.1317,0.1322,0.1193,0.1367,0.143,0.1358,0.1346,0.1501,0.1452,0.1482,0.1412,0.1397,0.1375,0.1358,0.1389,0.1459,0.1492,0.1396,0.1389,0.1392,0.1574,0.1452,0.1354,0.1525,0.1568,0.1594,0.1832,0.1557,0.1527,0.1626,0.1639,0.1571,0.1594,0.1579,0.162,0.1632,0.1616,0.162,0.1467,0.1612,0.1458,0.1649,0.1666,0.16,0.1628,0.1633,0.1698,0.1679,0.1644,0.1759,0.1734,0.1769,0.1814,
PRI,Puerto Rico,"[-67.24, 17.95, -65.59, 18.52]",0.2923,0.2896,0.2901,0.2927,0.2928,0.2956,0.2957,0.2927,0.2952,0.2954,0.2921,0.2972,0.2987,0.2979,0.2973,0.3006,0.2987,0.2953,0.2973,0.2987,0.2941,0.3007,0.3017,0.2952,0.2998,0.3038,0.3052,0.3061,0.3002,0.3022,0.3072,0.3058,0.3026,0.3097,0.3121,0.3102,0.3084,0.3082,0.3143,0.312,0.3086,0.3119,0.3147,0.3147,0.3132,0.3106,0.3151,0.3183,0.3153,0.3196,0.3168,0.3166,0.3189,0.3153,0.3163,0.3216,
PRK,North Korea,"[124.27, 37.67, 130.78, 42.99]",0.1407,0.1447,0.1499,0.1349,0.1521,0.142,0.1517,0.1475,0.1492,0.1418,0.1516,0.1484,0.1478,0.1526,0.148,0.1471,0.147,0.1463,0.1512,0.152,0.1497,0.1464,0.1464,0.1573,0.1487,0.1649,0.1511,0.1567,0.1503,0.1637,0.165,0.1636,0.1669,0.1648,0.166,0.1726,0.163,0.1712,0.1575,0.1621,0.1678,0.1662,0.1694,0.1684,0.1733,0.1754,0.1713,0.1782,0.1736,0.1832,0.1766,0.179,0.1819,0.1821,0.1757,0.1873,
PRT,Portugal,"[-9.53, 36.84, -6.39, 42.28]",0.2012,0.2043,0.2016,0.2137,0.2098,0.2105,0.2026,0.2117,0.2113,0.2069,0.2081,0.2032,0.2042,0.2092,0.2052,0.2183,0.2092,0.2119,0.2139,0.21,0.2062,0.211,0.2118,0.2216,0.2161,0.2152,0.2143,0.2153,0.2154,0.2268,0.226,0.2234,0.2277,0.227,0.2261,0.2264,0.2272,0.2274,0.2286,0.2262,0.2243,0.2326,0.2242,0.226,0.2361,0.2295,0.2347,0.2348,0.2325,0.229,0.2321,0.2276,0.2378,0.2399,0.2292,0.2492,
PRY,Paraguay,"[-62.69, -27.55, -54.29, -19.34]",0.2957,0.2997,0.3055,0.3094,0.3043,0.3067,0.314,0.3031,0.3186,0.3131,0.3062,0.3086,0.3093,0.3057,0.3073,0.3066,0.3049,0.2987,0.3241,0.3054,0.3078,0.3044,0.3099,0.3126,0.3028,0.3174,0.3141,0.3242,0.3255,0.3273,0.3136,0.3122,0.3147,0.3216,0.3241,0.321,0.3215,0.3311,0.3242,0.3326,0.326,0.3228,0.3323,0.3162,0.3318,0.3281,0.3268,0.333,0.327,0.3297,0.3463,0.3426,0.3436,0.3473,0.3213,0.3526,
QAT,Qatar,"[50.74, 24.56, 51.61, 26.11]",0.3261,0.3209,0.3228,0.3243,0.3296,0.3333,0.3276,0.3289,0.3303,0.3292,0.3234,0.3309,0.3344,0.3261,0.3323,0.3327,0.3337,0.3311,0.3357,0.3286,0.3321,0.3373,0.3366,0.3308,0.3341,0.3338,0.3449,0.3332,0.3377,0.3407,0.3425,0.3433,0.3367,0.3417,0.3341,0.3423,0.3434,0.3439,0.3441,0.3521,0.3455,0.3508,0.3472,0.3538,0.3501,0.3495,0.3482,0.3502,0.3556,0.3562,0.3594,0.3626,0.3557,0.356,0.3605,0.3588,
ROU,Romania,"[20.22, 43.69, 29.63, 48.22]",0.167,0.1571,0.1905,0.1684,0.1707,0.1555,0.1771,0.1829,0.1752,0.1686,0.1825,0.1841,0.1929,0.1849,0.1787,0.173,0.1741,0.1714,0.1857,0.1826,0.1761,0.1788,0.1757,0.1888,0.1797,0.1789,0.1957,0.2008,0.2,0.2122,0.1945,0.1922,0.1996,0.2021,0.1926,0.1978,0.2023,0.2043,0.2006,0.2012,0.2042,0.1932,0.1994,0.1815,0.1951,0.1981,0.2017,0.2119,0.2047,0.2091,0.217,0.2066,0.2202,0.2091,0.2234,0.2166,
RUS,Russia,"[-180.0, 41.15, 180.0, 81.25]",0.0693,0.069,0.0736,0.0722,0.0735,0.0715,0.0735,0.0728,0.0755,0.0736,0.0734,0.0745,0.0747,0.0765,0.0752,0.0756,0.0767,0.0758,0.0773,0.0782,0.0784,0.0787,0.0803,0.0818,0.0822,0.0814,0.082,0.0838,0.085,0.0863,0.0855,0.0851,0.0863,0.0881,0.0874,0.0879,0.0872,0.0877,0.0886,0.0883,0.0885,0.0873,0.0904,0.0895,0.0923,0.093,0.0934,0.0954,0.0953,0.0976,0.0963,0.0967,0.1002,0.0996,0.0981,0.1033,
RWA,Rwanda,"[29.02, -2.92, 30.82, -1.13]",0.2808,0.2646,0.2679,0.2705,0.274,0.2754,0.269,0.2731,0.2752,0.2736,0.2728,0.2742,0.2776,0.2757,0.2791,0.2805,0.2833,0.2788,0.2777,0.2797,0.2718,0.2843,0.2862,0.2826,0.2909,0.2857,0.2884,0.2914,0.2844,0.2904,0.2924,0.2875,0.2902,0.293,0.3002,0.2941,0.2916,0.2937,0.3003,0.2959,0.2927,0.2986,0.2991,0.3013,0.2964,0.2994,0.2986,0.305,0.3094,0.3024,0.3054,0.3068,0.3007,0.3005,0.3068,0.3148,
SAU,Saudi Arabia,"[34.63, 16.35, 55.67, 32.16]",0.3328,0.3298,0.3269,0.3326,0.3355,0.3372,0.3338,0.3333,0.3352,0.3372,0.3311,0.3349,0.3391,0.334,0.339,0.3401,0.3409,0.3404,0.3423,0.3365,0.3397,0.3439,0.342,0.3395,0.342,0.3432,0.352,0.3401,0.3484,0.3464,0.3515,0.3515,0.3442,0.3474,0.3451,0.3541,0.3537,0.3518,0.3554,0.3606,0.355,0.3557,0.3568,0.3603,0.3606,0.3573,0.3551,0.3586,0.3631,0.3638,0.3699,0.3679,0.362,0.3629,0.3682,0.3718,
SDN,Sudan,"[21.94, 8.62, 38.41, 22.0]",0.3643,0.3501,0.3486,0.3528,0.3578,0.3584,0.3585,0.3551,0.3617,0.3562,0.3505,0.3615,0.3622,0.3543,0.3643,0.3637,0.3614,0.3605,0.3641,0.3627,0.3568,0.3694,0.371,0.3599,0.3687,0.3693,0.3735,0.3696,0.3738,0.3668,0.3745,0.3709,0.3629,0.3731,0.3756,0.3814,0.3765,0.375,0.3799,0.3818,0.3749,0.3761,0.3822,0.3857,0.3871,0.3761,0.3803,0.3838,0.3865,0.383,0.3887,0.3908,0.3821,0.3771,0.3938,0.3941,
SSD,South Sudan,"[23.89, 3.51, 35.3, 12.25]",0.3686,0.3542,0.3497,0.3564,0.3574,0.361,0.3534,0.3596,0.3627,0.3596,0.3579,0.3633,0.3612,0.3589,0.3672,0.3664,0.3683,0.3622,0.3637,0.3627,0.3568,0.3704,0.3718,0.3686,0.3805,0.3735,0.3778,0.3759,0.377,0.3766,0.3767,0.3751,0.3732,0.3764,0.3843,0.3832,0.3774,0.38,0.3899,0.3817,0.3753,0.386,0.3839,0.3909,0.3877,0.3824,0.3872,0.3939,0.3937,0.3884,0.3943,0.3948,0.3865,0.3831,0.3965,0.3996,
SEN,Senegal,"[-17.63, 12.33, -11.47, 16.6]",0.3592,0.3547,0.3539,0.3637,0.3622,0.3647,0.3602,0.3577,0.359,0.3607,0.3574,0.3621,0.3663,0.3608,0.3596,0.3656,0.369,0.359,0.3676,0.3631,0.361,0.3668,0.3728,0.3651,0.3729,0.3698,0.3713,0.3708,0.3671,0.3722,0.3749,0.3738,0.3734,0.3778,0.3784,0.3842,0.3748,0.376,0.3849,0.3802,0.3773,0.3834,0.3846,0.3905,0.3835,0.3803,0.3873,0.3853,0.3883,0.3897,0.3842,0.3875,0.3859,0.3853,0.3929,0.3954,
SLB,Solomon Islands,"[156.49, -10.83, 162.4, -6.6]",0.2949,0.2975,0.294,0.2966,0.2971,0.2953,0.2965,0.2985,0.2964,0.2982,0.2963,0.2967,0.299,0.3002,0.2994,0.2971,0.3013,0.3026,0.2991,0.3019,0.3025,0.3003,0.3037,0.3039,0.3044,0.306,0.304,0.3063,0.3081,0.3057,0.3075,0.3095,0.3092,0.3095,0.3086,0.3107,0.3117,0.3107,0.3143,0.3127,0.3136,0.312,0.3146,0.3136,0.3162,0.3157,0.3151,0.3175,0.3184,0.3199,0.3172,0.3177,0.3193,0.3212,0.3222,0.3222,
SLE,Sierra Leone,"[-13.25, 6.79, -10.23, 10.05]",0.3153,0.3089,0.3099,0.3132,0.3139,0.3141,0.3138,0.3113,0.3161,0.3146,0.3108,0.3168,0.3187,0.3146,0.317,0.3205,0.323,0.3166,0.321,0.3195,0.317,0.3227,0.325,0.3182,0.3248,0.3252,0.3278,0.3282,0.3257,0.3281,0.3311,0.3258,0.3275,0.3298,0.3354,0.3356,0.329,0.3347,0.3376,0.337,0.333,0.3366,0.3394,0.3394,0.34,0.3358,0.339,0.3414,0.3406,0.3431,0.3433,0.3446,0.3435,0.3418,0.3474,0.3523,
SLV,El Salvador,"[-90.1, 13.15, -87.72, 14.42]",0.3079,0.2979,0.3041,0.3036,0.3032,0.309,0.3038,0.3026,0.309,0.3057,0.3057,0.3114,0.3132,0.3169,0.3179,0.3155,0.3137,0.3123,0.3079,0.3047,0.3047,0.3154,0.3107,0.3147,0.3237,0.3209,0.3209,0.3136,0.3204,0.3248,0.3252,0.3219,0.3292,0.3233,0.3333,0.3273,0.3215,0.3329,0.3304,0.3295,0.3278,0.3322,0.3375,0.3359,0.3286,0.3323,0.3379,0.3351,0.3355,0.3395,0.3451,0.3461,0.3405,0.344,0.3457,0.3457,
SOM,Somalia,"[40.98, -1.68, 51.13, 12.02]",0.3177,0.3162,0.3131,0.3185,0.3164,0.3199,0.3194,0.3177,0.3181,0.3235,0.3188,0.3192,0.3247,0.322,0.3238,0.324,0.3259,0.3248,0.3227,0.3267,0.3232,0.3237,0.3272,0.3256,0.3305,0.3319,0.3285,0.3281,0.33,0.3304,0.3353,0.3306,0.3325,0.3297,0.336,0.3392,0.3327,0.3382,0.3408,0.3394,0.3385,0.3376,0.3394,0.3385,0.3424,0.3408,0.3396,0.3465,0.3458,0.3453,0.344,0.3451,0.3449,0.3447,0.3451,0.3524,
SRB,Serbia,"[18.83, 42.25, 22.99, 46.17]",0.1749,0.162,0.1902,0.1718,0.1722,0.1644,0.183,0.1862,0.1786,0.1736,0.1906,0.1865,0.1983,0.1897,0.1858,0.1761,0.1797,0.1754,0.1971,0.1851,0.1821,0.1815,0.177,0.1925,0.1847,0.1857,0.1983,0.2067,0.2043,0.2161,0.2012,0.1984,0.2049,0.2044,0.1936,0.2058,0.2091,0.2123,0.2051,0.2031,0.2118,0.198,0.2016,0.1848,0.2008,0.2026,0.2053,0.2179,0.2092,0.2148,0.2218,0.2107,0.2227,0.212,0.2247,0.2178,
SUR,Suriname,"[-58.04, 1.82, -53.96, 6.03]",0.3239,0.3111,0.3116,0.3212,0.3161,0.3313,0.332,0.3171,0.3304,0.3361,0.3155,0.3414,0.3383,0.3244,0.3237,0.3368,0.3283,0.3208,0.3309,0.3358,0.317,0.3272,0.34,0.3254,0.3415,0.3382,0.3337,0.3472,0.3323,0.3333,0.3469,0.3407,0.3355,0.3541,0.3492,0.3454,0.3374,0.3489,0.3629,0.344,0.3406,0.3491,0.3555,0.3581,0.3555,0.3427,0.355,0.36,0.3692,0.3635,0.3536,0.3567,0.3567,0.3592,0.3568,0.3743,
SVK,Slovakia,"[16.88, 47.76, 22.56, 49.57]",0.1454,0.1439,0.1717,0.1512,0.1506,0.1382,0.1569,0.1619,0.1534,0.153,0.1708,0.1606,0.1696,0.162,0.1617,0.1552,0.1525,0.154,0.1677,0.1665,0.1569,0.1564,0.155,0.1765,0.1626,0.1557,0.1738,0.1809,0.1806,0.2026,0.179,0.1709,0.1834,0.1829,0.1726,0.1838,0.1807,0.1873,0.1836,0.1819,0.1856,0.1691,0.1794,0.1623,0.1817,0.1807,0.1788,0.1875,0.1824,0.1913,0.1936,0.1844,0.1991,0.1938,0.1972,0.2033,
SVN,Slovenia,"[13.7, 45.45, 16.56, 46.85]",0.1528,0.1492,0.175,0.158,0.1581,0.1501,0.159,0.1659,0.1645,0.1621,0.1783,0.1604,0.1723,0.1699,0.1656,0.1628,0.1596,0.1622,0.1807,0.1718,0.1644,0.1638,0.1629,0.1843,0.1699,0.1637,0.1761,0.1852,0.1836,0.2065,0.1842,0.1795,0.1919,0.1875,0.1778,0.1936,0.1922,0.193,0.1901,0.1854,0.1929,0.1783,0.1799,0.1725,0.1924,0.1893,0.1853,0.1988,0.1889,0.1997,0.1982,0.1916,0.205,0.2029,0.1997,0.2086,
SWE,Sweden,"[11.03, 55.36, 23.9, 69.11]",0.0773,0.0762,0.0955,0.0795,0.0785,0.0761,0.0843,0.0853,0.0897,0.0815,0.0897,0.0913,0.0851,0.0823,0.092,0.0877,0.0915,0.0935,0.086,0.09,0.0862,0.084,0.0897,0.0956,0.0952,0.0852,0.0944,0.0953,0.0927,0.1103,0.0965,0.0944,0.103,0.0973,0.1034,0.0992,0.0988,0.0997,0.1014,0.0981,0.0992,0.0923,0.1038,0.1011,0.1059,0.1113,0.1015,0.0978,0.1078,0.1095,0.0987,0.1092,0.1085,0.1072,0.1086,0.1138,
SWZ,Swaziland,"[30.68, -27.29, 32.07, -25.66]",0.2694,0.276,0.26,0.2718,0.2665,0.2672,0.2593,0.2639,0.2589,0.2594,0.2615,0.2681,0.2712,0.2719,0.2659,0.2705,0.2585,0.266,0.272,0.2732,0.2734,0.2724,0.2826,0.2851,0.2689,0.2842,0.2847,0.2785,0.2778,0.2725,0.2806,0.2862,0.2799,0.287,0.2852,0.2893,0.2893,0.278,0.2965,0.2985,0.287,0.2876,0.2951,0.3006,0.2981,0.2918,0.2905,0.2923,0.287,0.2952,0.3002,0.3043,0.3048,0.3048,0.3004,0.3034,
SYR,Syria,"[35.7, 32.31, 42.35, 37.23]",0.2743,0.2664,0.2663,0.2729,0.2774,0.2766,0.2722,0.2737,0.2745,0.2679,0.2669,0.2758,0.2788,0.2738,0.2775,0.2706,0.2802,0.2737,0.283,0.2748,0.2807,0.2825,0.2854,0.2778,0.2694,0.2831,0.2939,0.2857,0.2886,0.2845,0.286,0.294,0.2809,0.2917,0.2819,0.2888,0.3012,0.2908,0.2905,0.3011,0.2983,0.2946,0.2995,0.2933,0.2973,0.2948,0.297,0.2901,0.2998,0.3054,0.3094,0.3022,0.3039,0.3021,0.3133,0.3077,
TCD,Chad,"[13.54, 7.42, 23.89, 23.41]",0.3657,0.3501,0.3492,0.3523,0.3575,0.3591,0.3599,0.3536,0.3642,0.3571,0.3529,0.3604,0.3641,0.352,0.3664,0.3637,0.3612,0.3605,0.3637,0.3628,0.3561,0.3696,0.3747,0.3589,0.3703,0.3721,0.37,0.3715,0.3717,0.365,0.3742,0.3707,0.3639,0.3755,0.3801,0.3846,0.3766,0.3747,0.381,0.3816,0.3742,0.3772,0.3855,0.3879,0.3896,0.3759,0.3811,0.3834,0.3887,0.3841,0.3875,0.3928,0.381,0.3772,0.3957,0.3945,
TGO,Togo,"[-0.05, 5.93, 1.87, 11.02]",0.3607,0.3551,0.3511,0.3582,0.3538,0.3585,0.3582,0.3551,0.3581,0.3598,0.3577,0.3596,0.3619,0.3594,0.3636,0.3659,0.3673,0.3605,0.3626,0.3597,0.3601,0.3654,0.3709,0.3645,0.3737,0.3711,0.3704,0.3714,0.3732,0.3722,0.375,0.3716,0.374,0.3723,0.3817,0.3838,0.3731,0.3836,0.3858,0.3791,0.3754,0.3831,0.3866,0.3878,0.3871,0.3804,0.3859,0.3874,0.3872,0.3857,0.3882,0.3911,0.3857,0.3844,0.3918,0.396,
THA,Thailand,"[97.38, 5.69, 105.59, 20.42]",0.3208,0.3082,0.3041,0.3169,0.3076,0.3126,0.3167,0.3088,0.3094,0.3173,0.3089,0.3191,0.3204,0.3129,0.3184,0.3208,0.3199,0.308,0.3148,0.3227,0.3131,0.3177,0.3242,0.3115,0.3257,0.3278,0.3192,0.324,0.3228,0.3214,0.3304,0.3217,0.3231,0.3315,0.3347,0.3386,0.3216,0.3303,0.337,0.3296,0.3331,0.335,0.3382,0.3355,0.339,0.3367,0.3413,0.3413,0.3436,0.3421,0.3393,0.347,0.3438,0.3422,0.3443,0.3476,
TJK,Tajikistan,"[67.44, 36.74, 74.98, 40.96]",0.1326,0.1543,0.1385,0.1428,0.1478,0.1478,0.1452,0.1428,0.1459,0.1574,0.144,0.1397,0.1405,0.1443,0.1501,0.1506,0.1477,0.1567,0.1514,0.1476,0.1493,0.1547,0.1544,0.159,0.1555,0.1598,0.1622,0.1499,0.1509,0.1604,0.1619,0.171,0.1597,0.1605,0.1561,0.1597,0.1673,0.1591,0.17,0.1727,0.1687,0.1705,0.166,0.1852,0.1753,0.1685,0.1778,0.1735,0.1846,0.1778,0.1833,0.1798,0.1703,0.1783,0.1737,0.1979,
TKM,Turkmenistan,"[52.5, 35.27, 66.55, 42.75]",0.2291,0.2405,0.2327,0.2355,0.2463,0.2431,0.2393,0.2382,0.2426,0.2388,0.2275,0.2333,0.2332,0.2383,0.2393,0.2465,0.2472,0.2464,0.2421,0.239,0.2428,0.2601,0.2493,0.2545,0.2485,0.2514,0.2622,0.2491,0.2466,0.2555,0.251,0.2662,0.2556,0.2563,0.2492,0.2491,0.2574,0.2505,0.2634,0.268,0.2652,0.2666,0.2546,0.2802,0.2679,0.2624,0.2777,0.27,0.2774,0.2729,0.2775,0.2762,0.2706,0.2713,0.2794,0.2929,
TLS,East Timor,"[124.97, -9.39, 127.34, -8.27]",0.3055,0.3042,0.3005,0.306,0.2989,0.3025,0.3035,0.3046,0.3001,0.3091,0.3019,0.3034,0.3088,0.3051,0.3094,0.3068,0.3111,0.3112,0.3043,0.3075,0.309,0.3056,0.3126,0.3058,0.3155,0.3184,0.31,0.3141,0.3159,0.3105,0.3196,0.3133,0.3168,0.3209,0.3188,0.3229,0.3145,0.3205,0.3252,0.3184,0.321,0.319,0.3237,0.3218,0.3279,0.3226,0.324,0.3275,0.3284,0.3278,0.3244,0.327,0.3257,0.3269,0.3265,0.3325,
TTO,Trinidad and Tobago,"[-61.95, 10.0, -60.9, 10.89]",0.2989,0.2928,0.2907,0.298,0.2948,0.3018,0.2987,0.2954,0.2968,0.3029,0.2923,0.3014,0.3044,0.298,0.2977,0.3026,0.3031,0.2966,0.3029,0.3071,0.3001,0.3042,0.3117,0.2975,0.3035,0.3062,0.3046,0.3108,0.3026,0.3044,0.3126,0.3082,0.3035,0.3142,0.3144,0.3138,0.309,0.3114,0.3173,0.3155,0.31,0.3139,0.319,0.3194,0.3208,0.3124,0.3177,0.3224,0.3218,0.3205,0.318,0.3177,0.3187,0.3179,0.3183,0.3292,
TUN,Tunisia,"[7.52, 30.31, 11.49, 37.35]",0.2582,0.2661,0.263,0.2629,0.2668,0.2674,0.2614,0.2656,0.2687,0.2685,0.2708,0.273,0.279,0.2754,0.2678,0.2652,0.2691,0.2666,0.282,0.2653,0.2688,0.2629,0.2731,0.2708,0.2714,0.27,0.2758,0.2775,0.2759,0.2819,0.2802,0.2885,0.2825,0.2756,0.272,0.2915,0.2821,0.2827,0.2887,0.2854,0.2849,0.2872,0.2869,0.2925,0.2886,0.2834,0.2959,0.293,0.2913,0.3023,0.2924,0.2892,0.2882,0.2897,0.3002,0.2961,
TUR,Turkey,"[26.04, 35.82, 44.79, 42.14]",0.2014,0.1945,0.2019,0.1987,0.2035,0.2015,0.2063,0.2035,0.2038,0.1935,0.1963,0.2074,0.2079,0.2052,0.2059,0.2005,0.2094,0.2014,0.2113,0.2064,0.2093,0.214,0.2136,0.2097,0.2012,0.2107,0.2223,0.2178,0.2172,0.2155,0.2123,0.2219,0.2158,0.2223,0.2154,0.2142,0.2286,0.2207,0.2194,0.2271,0.2282,0.2261,0.2305,0.2194,0.2237,0.2236,0.2281,0.2241,0.2278,0.2321,0.2372,0.2321,0.2353,0.231,0.245,0.2357,
TWN,Taiwan,"[120.11, 21.97, 121.95, 25.3]",0.2596,0.2553,0.2501,0.2609,0.2544,0.2576,0.2593,0.2578,0.252,0.2626,0.2523,0.2616,0.2627,0.2541,0.2596,0.2652,0.2622,0.2595,0.2585,0.263,0.2583,0.2576,0.2591,0.2521,0.266,0.2616,0.2625,0.2654,0.2651,0.2638,0.2708,0.2646,0.2666,0.2675,0.271,0.2725,0.2635,0.2677,0.2718,0.2725,0.2701,0.2771,0.2755,0.2742,0.2772,0.2753,0.2735,0.277,0.2794,0.2802,0.2806,0.2785,0.2785,0.28,0.2778,0.2851,
TZA,Tanzania,"[29.34, -11.72, 40.32, -0.95]",0.3011,0.2916,0.2916,0.2965,0.2944,0.2998,0.2951,0.2959,0.2921,0.3013,0.2936,0.2992,0.3007,0.2986,0.3042,0.3031,0.3047,0.3044,0.3028,0.3045,0.2983,0.3031,0.3095,0.3059,0.3127,0.3104,0.306,0.3134,0.311,0.3127,0.3149,0.3086,0.31,0.3139,0.3229,0.32,0.3125,0.3197,0.3253,0.323,0.3185,0.3225,0.3227,0.3247,0.3218,0.3229,0.324,0.3299,0.3315,0.3263,0.3243,0.332,0.3278,0.3278,0.3271,0.3368,
UGA,Uganda,"[29.58, -1.44, 35.04, 4.25]",0.318,0.3014,0.3036,0.3047,0.3087,0.3111,0.3001,0.3106,0.3096,0.3051,0.3099,0.3084,0.3101,0.3107,0.3144,0.3142,0.3183,0.3133,0.3124,0.3114,0.3063,0.3212,0.3178,0.3168,0.3284,0.3206,0.3261,0.3272,0.3212,0.3293,0.3256,0.321,0.3239,0.3247,0.3326,0.3261,0.3246,0.329,0.3352,0.3307,0.3261,0.3337,0.3327,0.3352,0.3293,0.3317,0.3349,0.341,0.3421,0.3378,0.3401,0.3408,0.3333,0.3331,0.3414,0.3457,
UKR,Ukraine,"[22.09, 44.36, 40.08, 52.34]",0.1556,0.1458,0.1796,0.1559,0.1609,0.145,0.1669,0.1708,0.1649,0.1563,0.1661,0.1722,0.179,0.1723,0.1661,0.1632,0.164,0.1625,0.1647,0.1725,0.1659,0.1712,0.1726,0.1775,0.168,0.1637,0.1852,0.1852,0.1836,0.1991,0.1794,0.1792,0.1879,0.1913,0.1838,0.1801,0.185,0.1852,0.1862,0.1909,0.188,0.1809,0.1903,0.1746,0.1835,0.188,0.1885,0.1953,0.1907,0.1955,0.1997,0.1965,0.2108,0.1996,0.2139,0.2055,
URY,Uruguay,"[-58.43, -34.95, -53.21, -30.11]",0.2399,0.2373,0.2375,0.2396,0.2292,0.2363,0.2406,0.2374,0.2352,0.2323,0.239,0.2348,0.237,0.2402,0.2401,0.2343,0.2365,0.2357,0.2383,0.2359,0.2341,0.2381,0.2345,0.2429,0.2434,0.2445,0.243,0.2396,0.2502,0.2492,0.2388,0.2501,0.2463,0.2458,0.2505,0.2484,0.2557,0.2633,0.252,0.2604,0.2592,0.2583,0.2539,0.2511,0.256,0.2605,0.2555,0.2534,0.256,0.2618,0.2588,0.2588,0.2608,0.2622,0.2545,0.2706,
USA,United States,"[-125.0, 25.0, -66.96, 49.5]",0.1951,0.2037,0.209,0.2105,0.2077,0.2018,0.2056,0.206,0.2013,0.2069,0.2083,0.2064,0.2095,0.2132,0.2092,0.2039,0.2115,0.2134,0.2083,0.216,0.2149,0.2131,0.2153,0.2205,0.214,0.2209,0.2163,0.2186,0.2196,0.2186,0.2241,0.2247,0.2247,0.2255,0.2259,0.2253,0.2295,0.2213,0.2198,0.2283,0.228,0.228,0.2289,0.2273,0.2363,0.2356,0.2317,0.24,0.2398,0.2354,0.2374,0.2333,0.2361,0.2372,0.2379,0.2437,
UZB,Uzbekistan,"[55.93, 37.14, 73.06, 45.59]",0.1983,0.2117,0.2027,0.2057,0.2171,0.2101,0.2123,0.2083,0.2135,0.2099,0.2001,0.2056,0.2047,0.2142,0.2095,0.2173,0.2155,0.2173,0.2124,0.2117,0.2126,0.2284,0.223,0.2266,0.2197,0.2256,0.2309,0.2207,0.2198,0.2266,0.2258,0.239,0.2308,0.2303,0.2242,0.224,0.2299,0.2241,0.2361,0.2392,0.2357,0.2348,0.2281,0.2491,0.2427,0.2355,0.2521,0.2479,0.2514,0.2444,0.2465,0.2463,0.2454,0.2455,0.251,0.2663,
VEN,Venezuela,"[-73.3, 0.72, -59.76, 12.16]",0.3116,0.3046,0.3041,0.3087,0.3078,0.3181,0.3168,0.3069,0.3168,0.3204,0.3063,0.3208,0.3245,0.3154,0.3164,0.325,0.322,0.3126,0.3186,0.3199,0.3104,0.3196,0.3255,0.3189,0.3321,0.3301,0.3311,0.3337,0.324,0.3285,0.3359,0.3305,0.3298,0.3408,0.3391,0.3401,0.3305,0.3418,0.3493,0.3364,0.3375,0.3424,0.3462,0.3483,0.3439,0.3373,0.3486,0.3507,0.3563,0.3527,0.349,0.3513,0.3534,0.353,0.3535,0.3632,
VNM,Vietnam,"[102.17, 8.6, 109.34, 23.35]",0.3085,0.2947,0.2876,0.3059,0.2963,0.3018,0.3048,0.2962,0.2981,0.306,0.2946,0.3097,0.3094,0.3006,0.3074,0.3104,0.3089,0.2953,0.3034,0.311,0.2985,0.3047,0.3121,0.2978,0.314,0.3151,0.3066,0.3127,0.3105,0.3077,0.3183,0.3116,0.309,0.3204,0.3229,0.3293,0.3112,0.3175,0.3262,0.3195,0.3205,0.3229,0.3277,0.3243,0.3273,0.3244,0.3304,0.329,0.3333,0.333,0.329,0.3358,0.332,0.3334,0.3334,0.3364,
VUT,Vanuatu,"[166.63, -16.6, 167.84, -14.63]",0.2817,0.2848,0.2772,0.2827,0.2844,0.2787,0.2832,0.2837,0.2822,0.2853,0.2833,0.2838,0.2854,0.2853,0.2831,0.2814,0.2883,0.2906,0.2831,0.2873,0.2877,0.2813,0.2913,0.2901,0.2891,0.2918,0.2877,0.2901,0.2913,0.2899,0.297,0.2929,0.2949,0.2943,0.2929,0.3028,0.3025,0.2945,0.2983,0.299,0.3004,0.2926,0.2997,0.2989,0.3067,0.3026,0.3014,0.301,0.2989,0.3038,0.2998,0.2999,0.3053,0.3065,0.3072,0.3088,
,West Bank,"[34.93, 31.35, 35.55, 32.53]",0.2715,0.2617,0.2648,0.2671,0.2708,0.2724,0.2717,0.2679,0.2697,0.2637,0.2652,0.2718,0.2772,0.2722,0.2738,0.2679,0.2746,0.269,0.2789,0.2701,0.2752,0.2815,0.2829,0.2715,0.2666,0.2777,0.2876,0.2812,0.2841,0.2785,0.2844,0.2867,0.2724,0.2857,0.2768,0.2859,0.2969,0.2861,0.2851,0.2959,0.2933,0.2869,0.2948,0.2895,0.2915,0.2857,0.2912,0.2849,0.2924,0.2972,0.3004,0.2967,0.295,0.2907,0.3048,0.2969,
YEM,Yemen,"[42.6, 12.59, 53.11, 19.0]",0.3285,0.3275,0.3264,0.331,0.3318,0.335,0.3342,0.3288,0.3349,0.3362,0.3308,0.3329,0.3386,0.335,0.3382,0.3392,0.3395,0.3382,0.3389,0.3391,0.3363,0.3404,0.3415,0.3378,0.3457,0.345,0.3438,0.3397,0.344,0.3453,0.3523,0.3474,0.3461,0.3461,0.3525,0.3531,0.3493,0.3556,0.3557,0.3566,0.351,0.3551,0.3547,0.3559,0.3593,0.3582,0.3557,0.3623,0.3607,0.3618,0.3623,0.3652,0.3624,0.3625,0.3629,0.3708,
ZAF,South Africa,"[16.34, -34.82, 32.83, -22.09]",0.2719,0.2704,0.2656,0.2703,0.265,0.2651,0.2621,0.2642,0.2641,0.266,0.2635,0.272,0.2704,0.2721,0.2714,0.2774,0.2708,0.2695,0.2767,0.2716,0.2718,0.2731,0.2813,0.2809,0.2768,0.2819,0.2877,0.2815,0.284,0.2771,0.2839,0.2847,0.2823,0.2856,0.2873,0.2906,0.2841,0.2821,0.2989,0.2969,0.2879,0.289,0.2933,0.2943,0.2956,0.291,0.2929,0.2912,0.2901,0.2944,0.2998,0.2994,0.3001,0.3009,0.3041,0.3043,
ZMB,Zambia,"[21.89, -17.96, 33.49, -8.24]",0.312,0.3052,0.3057,0.3073,0.3039,0.3124,0.3098,0.3054,0.2998,0.3108,0.3046,0.3168,0.3155,0.3079,0.3145,0.3169,0.3158,0.3118,0.3085,0.3098,0.3041,0.3124,0.3227,0.3167,0.3226,0.3241,0.3221,0.325,0.3242,0.3215,0.334,0.3228,0.3217,0.3321,0.3391,0.337,0.3279,0.3271,0.3445,0.3407,0.3354,0.3378,0.336,0.3481,0.3429,0.3376,0.3421,0.339,0.3493,0.342,0.3366,0.3497,0.3477,0.3414,0.346,0.3535,
ZWE,Zimbabwe,"[25.26, -22.27, 32.85, -15.51]",0.3162,0.3164,0.3108,0.3166,0.3109,0.3166,0.3127,0.3099,0.3014,0.3173,0.3131,0.3254,0.3198,0.3179,0.3201,0.3226,0.3215,0.3179,0.3116,0.3115,0.3098,0.3141,0.3256,0.3183,0.3241,0.3297,0.3326,0.3257,0.3287,0.3213,0.3415,0.3298,0.3297,0.3399,0.3431,0.3461,0.3274,0.3317,0.3538,0.351,0.339,0.3399,0.3411,0.361,0.3533,0.3453,0.3487,0.3415,0.3522,0.3505,0.3417,0.3618,0.3545,0.3462,0.3569,0.3546,
ESH,Western Sahara,"[24.15, -13.78, 24.19, -13.74]",0.3154,0.3106,0.3134,0.313,0.3103,0.3192,0.3177,0.3112,0.3075,0.3155,0.3041,0.3228,0.3214,0.3119,0.3199,0.3249,0.3223,0.3174,0.3134,0.3139,0.3075,0.3166,0.3277,0.321,0.3268,0.3317,0.3262,0.3259,0.3299,0.3266,0.3419,0.3309,0.3271,0.3403,0.3456,0.3452,0.3339,0.3308,0.3501,0.3456,0.3451,0.345,0.3407,0.3548,0.3479,0.3414,0.3495,0.3447,0.3606,0.3499,0.3415,0.3562,0.356,0.3496,0.3552,0.3633,
